ISO-10303-21;
HEADER;
FILE_DESCRIPTION (( 'STEP AP214' ),
    '1' );
FILE_NAME ('À×´ïµ××ù.STEP',
    '2026-08-31T03:02:17',
    ( '' ),
    ( '' ),
    'SwSTEP 2.0',
    'SolidWorks 2025',
    '' );
FILE_SCHEMA (( 'AUTOMOTIVE_DESIGN' ));
ENDSEC;

DATA;
#1 = DIRECTION ( 'NONE',  ( -4.625929269271484533E-15, 0.000000000000000000, 1.000000000000000000 ) ) ;
#2 = DIRECTION ( 'NONE',  ( -7.601272721577442022E-16, 0.9760137018783704432, -0.2177091034974870110 ) ) ;
#3 = PLANE ( 'NONE',  #2630 ) ;
#4 = ORIENTED_EDGE ( 'NONE', *, *, #2533, .F. ) ;
#5 = CIRCLE ( 'NONE', #2923, 8.000000000000000000 ) ;
#6 = ORIENTED_EDGE ( 'NONE', *, *, #2175, .T. ) ;
#7 = AXIS2_PLACEMENT_3D ( 'NONE', #1288, #3201, #1012 ) ;
#8 = ORIENTED_EDGE ( 'NONE', *, *, #718, .T. ) ;
#9 = CARTESIAN_POINT ( 'NONE',  ( 64.00000000000017053, -60.00000000000000000, 15.00000000000022737 ) ) ;
#10 = EDGE_LOOP ( 'NONE', ( #3037, #3118, #926, #3081 ) ) ;
#11 = VECTOR ( 'NONE', #2459, 1000.000000000000000 ) ;
#12 = VERTEX_POINT ( 'NONE', #2121 ) ;
#13 = DIRECTION ( 'NONE',  ( 1.000000000000000000, 0.000000000000000000, 0.000000000000000000 ) ) ;
#14 = CARTESIAN_POINT ( 'NONE',  ( 30.00000000000000000, -15.00000000000000000, -11.99999999999989342 ) ) ;
#15 = DIRECTION ( 'NONE',  ( -0.000000000000000000, -0.000000000000000000, 1.000000000000000000 ) ) ;
#16 = CARTESIAN_POINT ( 'NONE',  ( 35.00000000000000000, -15.00000000000000000, 15.00000000000012257 ) ) ;
#17 = DIRECTION ( 'NONE',  ( -4.625929269271484533E-15, 0.000000000000000000, 1.000000000000000000 ) ) ;
#18 = VERTEX_POINT ( 'NONE', #627 ) ;
#19 = FACE_OUTER_BOUND ( 'NONE', #697, .T. ) ;
#20 = DIRECTION ( 'NONE',  ( -0.000000000000000000, -0.000000000000000000, 1.000000000000000000 ) ) ;
#21 = FACE_OUTER_BOUND ( 'NONE', #1638, .T. ) ;
#22 = CARTESIAN_POINT ( 'NONE',  ( -52.84475796423748761, -9.252067267179504135E-16, -35.00000000000000000 ) ) ;
#23 = CYLINDRICAL_SURFACE ( 'NONE', #2207, 2.999999999999999112 ) ;
#24 = DIRECTION ( 'NONE',  ( -1.000000000000000000, 0.000000000000000000, 0.000000000000000000 ) ) ;
#25 = ORIENTED_EDGE ( 'NONE', *, *, #1228, .T. ) ;
#26 = ADVANCED_FACE ( 'NONE', ( #3110, #356, #1139, #2640, #1360 ), #879, .F. ) ;
#27 = EDGE_LOOP ( 'NONE', ( #1019, #378, #1127, #1960 ) ) ;
#28 = VERTEX_POINT ( 'NONE', #2209 ) ;
#29 = AXIS2_PLACEMENT_3D ( 'NONE', #2796, #1252, #1232 ) ;
#30 = ADVANCED_FACE ( 'NONE', ( #3199 ), #3134, .F. ) ;
#31 = CARTESIAN_POINT ( 'NONE',  ( -30.00000000000000000, -60.00000000000000000, -18.00000000000010658 ) ) ;
#32 = CIRCLE ( 'NONE', #2547, 3.000000000000002665 ) ;
#33 = ORIENTED_EDGE ( 'NONE', *, *, #2052, .T. ) ;
#34 = DIRECTION ( 'NONE',  ( -0.000000000000000000, -0.000000000000000000, 1.000000000000000000 ) ) ;
#35 = CIRCLE ( 'NONE', #2030, 3.000000000000000888 ) ;
#36 = CARTESIAN_POINT ( 'NONE',  ( 29.99999999999987921, -80.00000000000000000, -35.00000000000010658 ) ) ;
#37 = LINE ( 'NONE', #2776, #1610 ) ;
#38 = ORIENTED_EDGE ( 'NONE', *, *, #1788, .T. ) ;
#39 = CARTESIAN_POINT ( 'NONE',  ( 11.99999999999999822, 22.80023332562373994, -62.65318147395311854 ) ) ;
#40 = LINE ( 'NONE', #1781, #1302 ) ;
#41 = CARTESIAN_POINT ( 'NONE',  ( 64.00000000000028422, -60.00000000000000000, -14.99999999999977973 ) ) ;
#42 = CARTESIAN_POINT ( 'NONE',  ( 35.00000000000000000, -15.00000000000000000, -14.99999999999987566 ) ) ;
#43 = EDGE_CURVE ( 'NONE', #1186, #213, #726, .T. ) ;
#44 = AXIS2_PLACEMENT_3D ( 'NONE', #3089, #2114, #1617 ) ;
#45 = ORIENTED_EDGE ( 'NONE', *, *, #1391, .F. ) ;
#46 = ORIENTED_EDGE ( 'NONE', *, *, #3132, .F. ) ;
#47 = CIRCLE ( 'NONE', #2869, 3.250000000000002665 ) ;
#48 = EDGE_CURVE ( 'NONE', #213, #942, #1926, .T. ) ;
#49 = VECTOR ( 'NONE', #2973, 1000.000000000000000 ) ;
#50 = AXIS2_PLACEMENT_3D ( 'NONE', #205, #2687, #2405 ) ;
#51 = EDGE_LOOP ( 'NONE', ( #2802, #3204, #1564, #1102, #1366 ) ) ;
#52 = DIRECTION ( 'NONE',  ( 1.000000000000000000, 0.000000000000000000, 0.000000000000000000 ) ) ;
#53 = CYLINDRICAL_SURFACE ( 'NONE', #1890, 8.000000000000000000 ) ;
#54 = DIRECTION ( 'NONE',  ( 0.000000000000000000, 0.000000000000000000, -1.000000000000000000 ) ) ;
#55 = ADVANCED_FACE ( 'NONE', ( #2654, #2896 ), #218, .F. ) ;
#56 = DIRECTION ( 'NONE',  ( -1.000000000000000000, 0.000000000000000000, 3.491481338843133355E-15 ) ) ;
#57 = DIRECTION ( 'NONE',  ( -1.000000000000000000, -0.000000000000000000, -3.491481338843133750E-15 ) ) ;
#58 = DIRECTION ( 'NONE',  ( -1.000000000000000000, 0.000000000000000000, 3.491481338843133355E-15 ) ) ;
#59 = DIRECTION ( 'NONE',  ( -1.000000000000000000, 0.000000000000000000, 0.000000000000000000 ) ) ;
#60 = CARTESIAN_POINT ( 'NONE',  ( -35.00000000000000000, -80.00000000000000000, -35.00000000000000000 ) ) ;
#61 = ORIENTED_EDGE ( 'NONE', *, *, #1154, .F. ) ;
#62 = EDGE_CURVE ( 'NONE', #1661, #1485, #2873, .T. ) ;
#63 = ORIENTED_EDGE ( 'NONE', *, *, #2287, .F. ) ;
#64 = AXIS2_PLACEMENT_3D ( 'NONE', #1758, #2530, #289 ) ;
#65 = DIRECTION ( 'NONE',  ( 0.000000000000000000, 1.000000000000000000, 0.000000000000000000 ) ) ;
#66 = DIRECTION ( 'NONE',  ( -0.000000000000000000, -1.000000000000000000, -0.000000000000000000 ) ) ;
#67 = EDGE_LOOP ( 'NONE', ( #2051, #338, #948, #1330 ) ) ;
#68 = ADVANCED_FACE ( 'NONE', ( #1970 ), #2959, .F. ) ;
#69 = CARTESIAN_POINT ( 'NONE',  ( 52.84475796423748761, -9.252067267179504135E-16, -35.00000000000000000 ) ) ;
#70 = FACE_OUTER_BOUND ( 'NONE', #1938, .T. ) ;
#71 = PLANE ( 'NONE',  #1191 ) ;
#72 = CIRCLE ( 'NONE', #2843, 2.999999999999999112 ) ;
#73 = DIRECTION ( 'NONE',  ( 0.000000000000000000, 1.000000000000000000, 0.000000000000000000 ) ) ;
#74 = EDGE_CURVE ( 'NONE', #734, #3098, #150, .T. ) ;
#75 = CYLINDRICAL_SURFACE ( 'NONE', #2994, 2.999999999999999112 ) ;
#76 = DIRECTION ( 'NONE',  ( 0.000000000000000000, 1.000000000000000000, 0.000000000000000000 ) ) ;
#77 = VERTEX_POINT ( 'NONE', #1212 ) ;
#78 = ORIENTED_EDGE ( 'NONE', *, *, #1376, .T. ) ;
#79 = LINE ( 'NONE', #2123, #316 ) ;
#80 = CARTESIAN_POINT ( 'NONE',  ( 30.00000000000045475, -44.13512577292241446, 42.99999999999992184 ) ) ;
#81 = ORIENTED_EDGE ( 'NONE', *, *, #478, .T. ) ;
#82 = DIRECTION ( 'NONE',  ( -0.000000000000000000, -0.000000000000000000, 1.000000000000000000 ) ) ;
#83 = LINE ( 'NONE', #2880, #1347 ) ;
#84 = ORIENTED_EDGE ( 'NONE', *, *, #1427, .T. ) ;
#85 = CIRCLE ( 'NONE', #502, 3.000000000000000888 ) ;
#86 = LINE ( 'NONE', #3079, #3020 ) ;
#87 = ADVANCED_FACE ( 'NONE', ( #2670 ), #2719, .F. ) ;
#88 = DIRECTION ( 'NONE',  ( 1.000000000000000000, 0.000000000000000000, 0.000000000000000000 ) ) ;
#89 = CARTESIAN_POINT ( 'NONE',  ( -1.845064862878172038E-13, -1.850413453435900827E-15, -52.84475796423748051 ) ) ;
#90 = VERTEX_POINT ( 'NONE', #410 ) ;
#91 = DIRECTION ( 'NONE',  ( 1.000000000000000000, 0.000000000000000000, 0.000000000000000000 ) ) ;
#92 = ORIENTED_EDGE ( 'NONE', *, *, #961, .F. ) ;
#93 = VECTOR ( 'NONE', #1318, 1000.000000000000000 ) ;
#94 = EDGE_CURVE ( 'NONE', #130, #2047, #521, .T. ) ;
#95 = DIRECTION ( 'NONE',  ( -0.000000000000000000, -0.000000000000000000, 1.000000000000000000 ) ) ;
#96 = VECTOR ( 'NONE', #448, 1000.000000000000000 ) ;
#97 = CARTESIAN_POINT ( 'NONE',  ( 30.00000000000045475, -1.850413453435900827E-15, 42.99999999999992184 ) ) ;
#98 = CARTESIAN_POINT ( 'NONE',  ( 43.00000000000045475, 0.000000000000000000, 43.00000000000000000 ) ) ;
#99 = ORIENTED_EDGE ( 'NONE', *, *, #241, .T. ) ;
#100 = VECTOR ( 'NONE', #853, 1000.000000000000000 ) ;
#101 = CYLINDRICAL_SURFACE ( 'NONE', #1092, 3.000000000000000888 ) ;
#102 = PRODUCT_RELATED_PRODUCT_CATEGORY ( 'part', '', ( #1994 ) ) ;
#103 = LINE ( 'NONE', #1886, #3059 ) ;
#104 = ORIENTED_EDGE ( 'NONE', *, *, #1929, .F. ) ;
#105 = VECTOR ( 'NONE', #674, 1000.000000000000000 ) ;
#106 = CARTESIAN_POINT ( 'NONE',  ( 30.00000000000000000, -15.00000000000000000, 18.00000000000010658 ) ) ;
#107 = DIRECTION ( 'NONE',  ( -0.000000000000000000, -1.000000000000000000, -0.000000000000000000 ) ) ;
#108 = EDGE_CURVE ( 'NONE', #623, #1279, #2772, .T. ) ;
#109 = CARTESIAN_POINT ( 'NONE',  ( 11.99999999999999645, -15.00000000000000000, -35.00000000000000000 ) ) ;
#110 = EDGE_CURVE ( 'NONE', #1274, #2464, #170, .T. ) ;
#111 = ORIENTED_EDGE ( 'NONE', *, *, #1125, .T. ) ;
#112 = ADVANCED_FACE ( 'NONE', ( #1165 ), #1180, .F. ) ;
#113 = CARTESIAN_POINT ( 'NONE',  ( -11.99999999999999822, -15.00000000000000000, -64.00000000000000000 ) ) ;
#114 = EDGE_CURVE ( 'NONE', #905, #538, #671, .T. ) ;
#115 = FACE_BOUND ( 'NONE', #1398, .T. ) ;
#116 = ORIENTED_EDGE ( 'NONE', *, *, #1091, .T. ) ;
#117 = VECTOR ( 'NONE', #1287, 1000.000000000000000 ) ;
#118 = CARTESIAN_POINT ( 'NONE',  ( -21.99999999999955236, 0.000000000000000000, 35.00000000000000000 ) ) ;
#119 = CARTESIAN_POINT ( 'NONE',  ( 0.000000000000000000, 4.999999999999996447, 0.000000000000000000 ) ) ;
#120 = ORIENTED_EDGE ( 'NONE', *, *, #2113, .T. ) ;
#121 = ORIENTED_EDGE ( 'NONE', *, *, #2199, .F. ) ;
#122 = CIRCLE ( 'NONE', #1327, 64.00000000000000000 ) ;
#123 = CARTESIAN_POINT ( 'NONE',  ( -35.00000000000000000, -80.00000000000000000, -35.00000000000000000 ) ) ;
#124 = FACE_OUTER_BOUND ( 'NONE', #701, .T. ) ;
#125 = VECTOR ( 'NONE', #181, 1000.000000000000000 ) ;
#126 = EDGE_LOOP ( 'NONE', ( #2762, #1468 ) ) ;
#127 = CARTESIAN_POINT ( 'NONE',  ( -12.00000000000000000, 21.49999999999996803, -62.86493458200684614 ) ) ;
#128 = EDGE_CURVE ( 'NONE', #965, #1992, #2778, .T. ) ;
#129 = PLANE ( 'NONE',  #1737 ) ;
#130 = VERTEX_POINT ( 'NONE', #760 ) ;
#131 = ORIENTED_EDGE ( 'NONE', *, *, #3048, .T. ) ;
#132 = LINE ( 'NONE', #1134, #1291 ) ;
#133 = ORIENTED_EDGE ( 'NONE', *, *, #1329, .T. ) ;
#134 = EDGE_LOOP ( 'NONE', ( #2239, #2317, #2100 ) ) ;
#135 = DIRECTION ( 'NONE',  ( 1.000000000000000000, 0.000000000000000000, 0.000000000000000000 ) ) ;
#136 = CIRCLE ( 'NONE', #185, 3.000000000000002665 ) ;
#137 = EDGE_LOOP ( 'NONE', ( #2117, #487 ) ) ;
#138 = AXIS2_PLACEMENT_3D ( 'NONE', #2382, #1114, #2110 ) ;
#139 = EDGE_CURVE ( 'NONE', #3142, #1143, #2974, .T. ) ;
#140 = DIRECTION ( 'NONE',  ( -0.000000000000000000, -0.000000000000000000, -1.000000000000000000 ) ) ;
#141 = DIRECTION ( 'NONE',  ( 1.000000000000000000, 0.000000000000000000, 0.000000000000000000 ) ) ;
#142 = EDGE_CURVE ( 'NONE', #373, #1717, #672, .T. ) ;
#143 = VERTEX_POINT ( 'NONE', #2282 ) ;
#144 = VERTEX_POINT ( 'NONE', #492 ) ;
#145 = CARTESIAN_POINT ( 'NONE',  ( 37.34314575050804308, -69.49542154529002858, 37.34314575050765228 ) ) ;
#146 = LINE ( 'NONE', #336, #1552 ) ;
#147 = VERTEX_POINT ( 'NONE', #1304 ) ;
#148 = ORIENTED_EDGE ( 'NONE', *, *, #2520, .F. ) ;
#149 = CARTESIAN_POINT ( 'NONE',  ( 15.00000000000000355, -60.00000000000000000, -64.00000000000000000 ) ) ;
#150 = CIRCLE ( 'NONE', #2913, 3.249999999999999556 ) ;
#151 = EDGE_CURVE ( 'NONE', #152, #452, #307, .T. ) ;
#152 = VERTEX_POINT ( 'NONE', #1529 ) ;
#153 = CARTESIAN_POINT ( 'NONE',  ( 64.00000000000017053, -15.00000000000000000, 15.00000000000022382 ) ) ;
#154 = DIRECTION ( 'NONE',  ( -0.000000000000000000, -1.000000000000000000, -0.000000000000000000 ) ) ;
#155 = ADVANCED_FACE ( 'NONE', ( #19 ), #2794, .T. ) ;
#156 = EDGE_LOOP ( 'NONE', ( #602, #3151, #1940, #677 ) ) ;
#157 = ORIENTED_EDGE ( 'NONE', *, *, #1034, .F. ) ;
#158 = DIRECTION ( 'NONE',  ( 0.000000000000000000, -1.000000000000000000, -0.000000000000000000 ) ) ;
#159 = DIRECTION ( 'NONE',  ( 0.000000000000000000, 0.000000000000000000, -1.000000000000000000 ) ) ;
#160 = EDGE_LOOP ( 'NONE', ( #770, #3032 ) ) ;
#161 = EDGE_CURVE ( 'NONE', #1740, #650, #2709, .T. ) ;
#162 = AXIS2_PLACEMENT_3D ( 'NONE', #816, #2018, #2800 ) ;
#163 = EDGE_LOOP ( 'NONE', ( #1633, #3086 ) ) ;
#164 = ADVANCED_FACE ( 'NONE', ( #2226 ), #2754, .T. ) ;
#165 = DIRECTION ( 'NONE',  ( -0.9760137018783704432, -0.2177091034974870110, -0.000000000000000000 ) ) ;
#166 = DIRECTION ( 'NONE',  ( 0.000000000000000000, 0.000000000000000000, -1.000000000000000000 ) ) ;
#167 = DIRECTION ( 'NONE',  ( 1.000000000000000000, 0.000000000000000000, 0.000000000000000000 ) ) ;
#168 = VECTOR ( 'NONE', #3062, 1000.000000000000000 ) ;
#169 = ADVANCED_FACE ( 'NONE', ( #2515 ), #1060, .F. ) ;
#170 = LINE ( 'NONE', #1462, #1512 ) ;
#171 = AXIS2_PLACEMENT_3D ( 'NONE', #3215, #2484, #1730 ) ;
#172 = CARTESIAN_POINT ( 'NONE',  ( 7.837739514543060526E-15, 21.49999999999996803, 64.00000000000000000 ) ) ;
#173 = ORIENTED_EDGE ( 'NONE', *, *, #476, .F. ) ;
#174 = DIRECTION ( 'NONE',  ( -3.491481338843133355E-15, 0.000000000000000000, -1.000000000000000000 ) ) ;
#175 = CARTESIAN_POINT ( 'NONE',  ( 64.00000000000028422, -60.00000000000000000, -14.99999999999977973 ) ) ;
#176 = ORIENTED_EDGE ( 'NONE', *, *, #1185, .F. ) ;
#177 = ORIENTED_EDGE ( 'NONE', *, *, #110, .T. ) ;
#178 = CARTESIAN_POINT ( 'NONE',  ( -42.52184732581581983, 0.000000000000000000, -21.30000000000019256 ) ) ;
#179 = DIRECTION ( 'NONE',  ( 0.000000000000000000, 0.000000000000000000, -1.000000000000000000 ) ) ;
#180 = DIRECTION ( 'NONE',  ( 1.000000000000000000, 0.000000000000000000, 0.000000000000000000 ) ) ;
#181 = DIRECTION ( 'NONE',  ( 0.000000000000000000, 0.000000000000000000, 1.000000000000000000 ) ) ;
#182 = CYLINDRICAL_SURFACE ( 'NONE', #2015, 3.000000000000002665 ) ;
#183 = CARTESIAN_POINT ( 'NONE',  ( 12.00000000000000178, 23.95795288018562985, -62.01627053773629683 ) ) ;
#184 = CARTESIAN_POINT ( 'NONE',  ( 0.000000000000000000, -27.25000000000000355, -30.00000000000000355 ) ) ;
#185 = AXIS2_PLACEMENT_3D ( 'NONE', #818, #1820, #250 ) ;
#186 = ORIENTED_EDGE ( 'NONE', *, *, #2472, .F. ) ;
#187 = PLANE ( 'NONE',  #1096 ) ;
#188 = CIRCLE ( 'NONE', #2435, 8.000000000000000000 ) ;
#189 = VERTEX_POINT ( 'NONE', #810 ) ;
#190 = ADVANCED_FACE ( 'NONE', ( #2044 ), #2246, .F. ) ;
#191 = ORIENTED_EDGE ( 'NONE', *, *, #1779, .F. ) ;
#192 = ORIENTED_EDGE ( 'NONE', *, *, #1771, .F. ) ;
#193 = CARTESIAN_POINT ( 'NONE',  ( 0.000000000000000000, 0.000000000000000000, 0.000000000000000000 ) ) ;
#194 = CARTESIAN_POINT ( 'NONE',  ( 37.34314575050748175, -69.49542154529254390, -37.34314575050761675 ) ) ;
#195 = ORIENTED_EDGE ( 'NONE', *, *, #1651, .F. ) ;
#196 = CIRCLE ( 'NONE', #510, 2.999999999999999112 ) ;
#197 = VERTEX_POINT ( 'NONE', #3230 ) ;
#198 = DIRECTION ( 'NONE',  ( 0.000000000000000000, 0.000000000000000000, -1.000000000000000000 ) ) ;
#199 = EDGE_CURVE ( 'NONE', #1274, #77, #1639, .T. ) ;
#200 = CARTESIAN_POINT ( 'NONE',  ( 52.84475796423748761, -9.252067267179504135E-16, 30.00000000000000355 ) ) ;
#201 = LINE ( 'NONE', #2173, #698 ) ;
#202 = VECTOR ( 'NONE', #2933, 1000.000000000000000 ) ;
#203 = VECTOR ( 'NONE', #1213, 1000.000000000000000 ) ;
#204 = AXIS2_PLACEMENT_3D ( 'NONE', #1767, #278, #483 ) ;
#205 = CARTESIAN_POINT ( 'NONE',  ( 0.000000000000000000, 4.999999999999996447, 0.000000000000000000 ) ) ;
#206 = EDGE_CURVE ( 'NONE', #3007, #1293, #2995, .T. ) ;
#207 = CARTESIAN_POINT ( 'NONE',  ( -30.00000000000018474, -9.252067267179504135E-16, -52.84475796423738103 ) ) ;
#208 = ORIENTED_EDGE ( 'NONE', *, *, #1889, .F. ) ;
#209 = ORIENTED_EDGE ( 'NONE', *, *, #1423, .F. ) ;
#210 = ORIENTED_EDGE ( 'NONE', *, *, #2861, .T. ) ;
#211 = PLANE ( 'NONE',  #1822 ) ;
#212 = DIRECTION ( 'NONE',  ( -1.000000000000000000, 0.000000000000000000, 0.000000000000000000 ) ) ;
#213 = VERTEX_POINT ( 'NONE', #2808 ) ;
#214 = ORIENTED_EDGE ( 'NONE', *, *, #2768, .F. ) ;
#215 = CARTESIAN_POINT ( 'NONE',  ( 15.00000000000000355, -60.00000000000000000, -35.00000000000000000 ) ) ;
#216 = CARTESIAN_POINT ( 'NONE',  ( 64.00000000000015632, -60.00000000000000000, 18.00000000000022737 ) ) ;
#217 = DIRECTION ( 'NONE',  ( 1.000000000000000000, 0.000000000000000000, 0.000000000000000000 ) ) ;
#218 = PLANE ( 'NONE',  #3120 ) ;
#219 = DIRECTION ( 'NONE',  ( 1.000000000000000000, 0.000000000000000000, 0.000000000000000000 ) ) ;
#220 = CARTESIAN_POINT ( 'NONE',  ( -30.00000000000000355, 0.000000000000000000, -30.00000000000000000 ) ) ;
#221 = ORIENTED_EDGE ( 'NONE', *, *, #3190, .T. ) ;
#222 = SURFACE_SIDE_STYLE ('',( #1465 ) ) ;
#223 = VECTOR ( 'NONE', #1123, 1000.000000000000000 ) ;
#224 = VERTEX_POINT ( 'NONE', #272 ) ;
#225 = ORIENTED_EDGE ( 'NONE', *, *, #3069, .T. ) ;
#226 = VECTOR ( 'NONE', #1234, 1000.000000000000000 ) ;
#227 = EDGE_CURVE ( 'NONE', #650, #1846, #2264, .T. ) ;
#228 = DIRECTION ( 'NONE',  ( -1.000000000000000000, 0.000000000000000000, 0.000000000000000000 ) ) ;
#229 = CARTESIAN_POINT ( 'NONE',  ( 26.68629150101511627, -80.00000000000035527, -35.00000000000001421 ) ) ;
#230 = ORIENTED_EDGE ( 'NONE', *, *, #582, .F. ) ;
#231 = VERTEX_POINT ( 'NONE', #1285 ) ;
#232 = LINE ( 'NONE', #1489, #3157 ) ;
#233 = DIRECTION ( 'NONE',  ( 0.000000000000000000, 0.000000000000000000, -1.000000000000000000 ) ) ;
#234 = CARTESIAN_POINT ( 'NONE',  ( -15.00000000000000000, -15.00000000000000000, -64.00000000000000000 ) ) ;
#235 = DIRECTION ( 'NONE',  ( 0.000000000000000000, 0.000000000000000000, 1.000000000000000000 ) ) ;
#236 = DIRECTION ( 'NONE',  ( 1.000000000000000000, 0.000000000000000000, -0.000000000000000000 ) ) ;
#237 = CARTESIAN_POINT ( 'NONE',  ( -29.99999999999955236, -44.13512577292448213, 43.00000000000008527 ) ) ;
#238 = VERTEX_POINT ( 'NONE', #1546 ) ;
#239 = DIRECTION ( 'NONE',  ( 0.000000000000000000, 0.000000000000000000, -1.000000000000000000 ) ) ;
#240 = ORIENTED_EDGE ( 'NONE', *, *, #199, .T. ) ;
#241 = EDGE_CURVE ( 'NONE', #905, #2170, #1249, .T. ) ;
#242 = EDGE_LOOP ( 'NONE', ( #808, #2425, #258 ) ) ;
#243 = CIRCLE ( 'NONE', #2493, 8.000000000000000000 ) ;
#244 = ADVANCED_FACE ( 'NONE', ( #1841 ), #876, .F. ) ;
#245 = CARTESIAN_POINT ( 'NONE',  ( 64.00000000000028422, -15.00000000000000000, -14.99999999999977618 ) ) ;
#246 = VERTEX_POINT ( 'NONE', #2852 ) ;
#247 = DIRECTION ( 'NONE',  ( -0.000000000000000000, -0.000000000000000000, 1.000000000000000000 ) ) ;
#248 = LINE ( 'NONE', #2775, #2413 ) ;
#249 = DIRECTION ( 'NONE',  ( 2.280381816473232705E-15, 0.9760137018783704432, 0.2177091034974870110 ) ) ;
#250 = DIRECTION ( 'NONE',  ( 0.000000000000000000, 0.000000000000000000, 1.000000000000000000 ) ) ;
#251 = CIRCLE ( 'NONE', #663, 2.999999999999999112 ) ;
#252 = CARTESIAN_POINT ( 'NONE',  ( 35.00000000000000000, -80.00000000000000000, 35.00000000000000000 ) ) ;
#253 = DIRECTION ( 'NONE',  ( 0.000000000000000000, 0.000000000000000000, -1.000000000000000000 ) ) ;
#254 = CARTESIAN_POINT ( 'NONE',  ( 0.000000000000000000, -27.25000000000000355, 30.00000000000000355 ) ) ;
#255 = FACE_OUTER_BOUND ( 'NONE', #134, .T. ) ;
#256 =( GEOMETRIC_REPRESENTATION_CONTEXT ( 3 ) GLOBAL_UNCERTAINTY_ASSIGNED_CONTEXT ( ( #2409 ) ) GLOBAL_UNIT_ASSIGNED_CONTEXT ( ( #1518, #2502, #749 ) ) REPRESENTATION_CONTEXT ( 'NONE', 'WORKASPACE' ) );
#257 = LINE ( 'NONE', #709, #2612 ) ;
#258 = ORIENTED_EDGE ( 'NONE', *, *, #1987, .F. ) ;
#259 = AXIS2_PLACEMENT_3D ( 'NONE', #3165, #2478, #922 ) ;
#260 = VERTEX_POINT ( 'NONE', #1620 ) ;
#261 = EDGE_LOOP ( 'NONE', ( #1455, #1553, #2966 ) ) ;
#262 = EDGE_CURVE ( 'NONE', #3017, #648, #1428, .T. ) ;
#263 = DIRECTION ( 'NONE',  ( 1.000000000000000000, 0.000000000000000000, 0.000000000000000000 ) ) ;
#264 = EDGE_LOOP ( 'NONE', ( #2438, #1131 ) ) ;
#265 = DIRECTION ( 'NONE',  ( -0.000000000000000000, -0.000000000000000000, 1.000000000000000000 ) ) ;
#266 = DIRECTION ( 'NONE',  ( 0.000000000000000000, 0.000000000000000000, -1.000000000000000000 ) ) ;
#267 = CARTESIAN_POINT ( 'NONE',  ( 18.00000000000000355, -15.00000000000000000, -35.00000000000000000 ) ) ;
#268 = DIRECTION ( 'NONE',  ( -3.491481338843133355E-15, 0.000000000000000000, -1.000000000000000000 ) ) ;
#269 = CYLINDRICAL_SURFACE ( 'NONE', #2165, 8.000000000000000000 ) ;
#270 = CYLINDRICAL_SURFACE ( 'NONE', #1511, 3.000000000000000888 ) ;
#271 = ADVANCED_FACE ( 'NONE', ( #1893 ), #1399, .F. ) ;
#272 = CARTESIAN_POINT ( 'NONE',  ( -18.00000000000000355, -15.00000000000000000, -35.00000000000000000 ) ) ;
#273 = LINE ( 'NONE', #1025, #1361 ) ;
#274 = DIRECTION ( 'NONE',  ( 0.000000000000000000, -1.000000000000000000, 0.000000000000000000 ) ) ;
#275 = DIRECTION ( 'NONE',  ( 0.000000000000000000, 0.000000000000000000, 1.000000000000000000 ) ) ;
#276 = DIRECTION ( 'NONE',  ( 0.000000000000000000, -1.000000000000000000, 0.000000000000000000 ) ) ;
#277 = EDGE_CURVE ( 'NONE', #1846, #2692, #1177, .T. ) ;
#278 = DIRECTION ( 'NONE',  ( -0.000000000000000000, -1.000000000000000000, -0.000000000000000000 ) ) ;
#279 = VECTOR ( 'NONE', #1985, 1000.000000000000000 ) ;
#280 = ORIENTED_EDGE ( 'NONE', *, *, #2661, .T. ) ;
#281 = ORIENTED_EDGE ( 'NONE', *, *, #2829, .F. ) ;
#282 = VECTOR ( 'NONE', #1766, 1000.000000000000000 ) ;
#283 = ORIENTED_EDGE ( 'NONE', *, *, #739, .T. ) ;
#284 = DIRECTION ( 'NONE',  ( -1.000000000000000000, -0.000000000000000000, -3.491481338843133750E-15 ) ) ;
#285 = ORIENTED_EDGE ( 'NONE', *, *, #1605, .F. ) ;
#286 = CIRCLE ( 'NONE', #1481, 2.999999999999999112 ) ;
#287 = EDGE_LOOP ( 'NONE', ( #467, #1153, #45, #2298, #1353 ) ) ;
#288 = CARTESIAN_POINT ( 'NONE',  ( -29.99999999999959854, -65.14428268234064490, 38.31370849898485176 ) ) ;
#289 = DIRECTION ( 'NONE',  ( -1.000000000000000000, 0.000000000000000000, 0.000000000000000000 ) ) ;
#290 = CARTESIAN_POINT ( 'NONE',  ( 0.000000000000000000, -75.00000000000001421, 49.10000000000000142 ) ) ;
#291 = EDGE_CURVE ( 'NONE', #1717, #373, #834, .T. ) ;
#292 = AXIS2_PLACEMENT_3D ( 'NONE', #1679, #1444, #2669 ) ;
#293 = DIRECTION ( 'NONE',  ( -0.000000000000000000, -0.000000000000000000, 1.000000000000000000 ) ) ;
#294 = CARTESIAN_POINT ( 'NONE',  ( 43.00000000000045475, -44.13512577292143391, 35.00000000000000000 ) ) ;
#295 = LINE ( 'NONE', #1534, #1211 ) ;
#296 = DIRECTION ( 'NONE',  ( 0.000000000000000000, 0.000000000000000000, -1.000000000000000000 ) ) ;
#297 = ORIENTED_EDGE ( 'NONE', *, *, #227, .T. ) ;
#298 = VERTEX_POINT ( 'NONE', #1270 ) ;
#299 = ADVANCED_FACE ( 'NONE', ( #494, #551, #3014, #2499, #21 ), #2211, .F. ) ;
#300 = DIRECTION ( 'NONE',  ( 0.000000000000000000, 0.000000000000000000, 1.000000000000000000 ) ) ;
#301 = ORIENTED_EDGE ( 'NONE', *, *, #2950, .F. ) ;
#302 = DIRECTION ( 'NONE',  ( 1.000000000000000000, 0.000000000000000000, 0.000000000000000000 ) ) ;
#303 = VECTOR ( 'NONE', #2769, 1000.000000000000000 ) ;
#304 = CARTESIAN_POINT ( 'NONE',  ( 15.00000000000000355, -60.00000000000000000, -35.00000000000000000 ) ) ;
#305 = PLANE ( 'NONE',  #3147 ) ;
#306 = ADVANCED_FACE ( 'NONE', ( #1515 ), #2721, .F. ) ;
#307 = LINE ( 'NONE', #795, #1830 ) ;
#308 = PLANE ( 'NONE',  #1419 ) ;
#309 = CARTESIAN_POINT ( 'NONE',  ( -12.00000000000000355, -60.00000000000000000, -35.00000000000000000 ) ) ;
#310 = FACE_BOUND ( 'NONE', #2215, .T. ) ;
#311 = CARTESIAN_POINT ( 'NONE',  ( 29.99999999999985434, 0.000000000000000000, -43.00000000000002842 ) ) ;
#312 = ORIENTED_EDGE ( 'NONE', *, *, #3048, .F. ) ;
#313 = VECTOR ( 'NONE', #235, 1000.000000000000000 ) ;
#314 = ORIENTED_EDGE ( 'NONE', *, *, #2724, .F. ) ;
#315 = ADVANCED_FACE ( 'NONE', ( #1048 ), #1480, .F. ) ;
#316 = VECTOR ( 'NONE', #95, 1000.000000000000000 ) ;
#317 = CARTESIAN_POINT ( 'NONE',  ( -43.00000000000000000, -44.13512577292345185, -30.00000000000000355 ) ) ;
#318 = AXIS2_PLACEMENT_3D ( 'NONE', #2462, #1699, #1934 ) ;
#319 = DIRECTION ( 'NONE',  ( 1.000000000000000000, -0.000000000000000000, -1.047444401652940007E-14 ) ) ;
#320 = ORIENTED_EDGE ( 'NONE', *, *, #277, .T. ) ;
#321 = ADVANCED_FACE ( 'NONE', ( #2536 ), #2480, .F. ) ;
#322 = CARTESIAN_POINT ( 'NONE',  ( -15.00000000000000000, -15.00000000000000000, 30.00000000000000000 ) ) ;
#323 = CYLINDRICAL_SURFACE ( 'NONE', #2677, 3.000000000000002665 ) ;
#324 = CARTESIAN_POINT ( 'NONE',  ( 29.99999999999981881, -9.252067267179504135E-16, -52.84475796423759419 ) ) ;
#325 = DIRECTION ( 'NONE',  ( -7.601272721577441036E-16, 0.9760137018783704432, -0.2177091034974870110 ) ) ;
#326 = LINE ( 'NONE', #3045, #1590 ) ;
#327 = DIRECTION ( 'NONE',  ( -0.000000000000000000, -1.000000000000000000, -0.000000000000000000 ) ) ;
#328 = ORIENTED_EDGE ( 'NONE', *, *, #2320, .F. ) ;
#329 = VERTEX_POINT ( 'NONE', #3214 ) ;
#330 = VECTOR ( 'NONE', #2010, 1000.000000000000000 ) ;
#331 = CARTESIAN_POINT ( 'NONE',  ( -35.00000000000012790, -80.00000000000000000, -34.99999999999987921 ) ) ;
#332 = FACE_OUTER_BOUND ( 'NONE', #2523, .T. ) ;
#333 = CIRCLE ( 'NONE', #1116, 64.00000000000000000 ) ;
#334 = ORIENTED_EDGE ( 'NONE', *, *, #705, .T. ) ;
#335 = DIRECTION ( 'NONE',  ( -4.625929269271484533E-15, 0.000000000000000000, 1.000000000000000000 ) ) ;
#336 = CARTESIAN_POINT ( 'NONE',  ( 42.99999999999985789, -80.00000000000000000, -35.00000000000000000 ) ) ;
#337 = ORIENTED_EDGE ( 'NONE', *, *, #2214, .T. ) ;
#338 = ORIENTED_EDGE ( 'NONE', *, *, #2466, .T. ) ;
#339 = DIRECTION ( 'NONE',  ( 0.000000000000000000, 0.000000000000000000, -1.000000000000000000 ) ) ;
#340 = EDGE_CURVE ( 'NONE', #1293, #2139, #497, .T. ) ;
#341 = DIRECTION ( 'NONE',  ( -1.047444401652940007E-14, 0.000000000000000000, -1.000000000000000000 ) ) ;
#342 = DIRECTION ( 'NONE',  ( -0.000000000000000000, 1.000000000000000000, -0.000000000000000000 ) ) ;
#343 = ORIENTED_EDGE ( 'NONE', *, *, #503, .T. ) ;
#344 = VERTEX_POINT ( 'NONE', #744 ) ;
#345 = CARTESIAN_POINT ( 'NONE',  ( -29.99999999999955236, -1.850413453435900827E-15, 43.00000000000008527 ) ) ;
#346 = DIRECTION ( 'NONE',  ( -1.000000000000000000, 0.000000000000000000, 0.000000000000000000 ) ) ;
#347 = ORIENTED_EDGE ( 'NONE', *, *, #1749, .T. ) ;
#348 = ADVANCED_FACE ( 'NONE', ( #2228 ), #1549, .F. ) ;
#349 = LINE ( 'NONE', #2140, #2648 ) ;
#350 = VECTOR ( 'NONE', #1300, 1000.000000000000000 ) ;
#351 = DIRECTION ( 'NONE',  ( -1.000000000000000000, 0.000000000000000000, 0.000000000000000000 ) ) ;
#352 = ORIENTED_EDGE ( 'NONE', *, *, #1713, .F. ) ;
#353 = VECTOR ( 'NONE', #1848, 1000.000000000000000 ) ;
#354 = CARTESIAN_POINT ( 'NONE',  ( 0.000000000000000000, 21.49999999999996803, 0.000000000000000000 ) ) ;
#355 = LINE ( 'NONE', #1110, #1280 ) ;
#356 = FACE_BOUND ( 'NONE', #2399, .T. ) ;
#357 = VECTOR ( 'NONE', #1775, 1000.000000000000000 ) ;
#358 = CARTESIAN_POINT ( 'NONE',  ( -12.00000000000000355, -60.00000000000000000, 35.00000000000000000 ) ) ;
#359 = CIRCLE ( 'NONE', #2504, 3.249999999999999556 ) ;
#360 = DIRECTION ( 'NONE',  ( -0.000000000000000000, -1.000000000000000000, -0.000000000000000000 ) ) ;
#361 = ORIENTED_EDGE ( 'NONE', *, *, #2418, .T. ) ;
#362 = ORIENTED_EDGE ( 'NONE', *, *, #525, .F. ) ;
#363 = CIRCLE ( 'NONE', #2297, 2.999999999999999112 ) ;
#364 = DIRECTION ( 'NONE',  ( 0.000000000000000000, 0.000000000000000000, 1.000000000000000000 ) ) ;
#365 = CARTESIAN_POINT ( 'NONE',  ( 35.00000000000045475, -1.850413453435900827E-15, 43.00000000000008527 ) ) ;
#366 = DIRECTION ( 'NONE',  ( -0.000000000000000000, 1.000000000000000000, -0.000000000000000000 ) ) ;
#367 = EDGE_CURVE ( 'NONE', #1404, #637, #2429, .T. ) ;
#368 = VERTEX_POINT ( 'NONE', #1763 ) ;
#369 = CARTESIAN_POINT ( 'NONE',  ( -12.00000000000000178, 24.69393238181099193, -61.25801026671727101 ) ) ;
#370 = ADVANCED_FACE ( 'NONE', ( #2756 ), #533, .T. ) ;
#371 = CARTESIAN_POINT ( 'NONE',  ( -35.00000000000015632, -44.13512577292276973, -43.00000000000002842 ) ) ;
#372 = ORIENTED_EDGE ( 'NONE', *, *, #1391, .T. ) ;
#373 = VERTEX_POINT ( 'NONE', #309 ) ;
#374 = AXIS2_PLACEMENT_3D ( 'NONE', #967, #1711, #2699 ) ;
#375 = DIRECTION ( 'NONE',  ( 0.000000000000000000, 0.000000000000000000, -1.000000000000000000 ) ) ;
#376 = DIRECTION ( 'NONE',  ( -1.000000000000000000, 0.000000000000000000, 0.000000000000000000 ) ) ;
#377 = DIRECTION ( 'NONE',  ( 2.280381816473232311E-15, 0.9760137018783704432, 0.2177091034974870110 ) ) ;
#378 = ORIENTED_EDGE ( 'NONE', *, *, #151, .F. ) ;
#379 = EDGE_LOOP ( 'NONE', ( #2674, #2785 ) ) ;
#380 = CIRCLE ( 'NONE', #421, 3.000000000000000888 ) ;
#381 = EDGE_CURVE ( 'NONE', #1396, #2340, #2330, .T. ) ;
#382 = CARTESIAN_POINT ( 'NONE',  ( 18.00000000000000355, -15.00000000000000000, -30.00000000000000000 ) ) ;
#383 = VECTOR ( 'NONE', #2225, 1000.000000000000000 ) ;
#384 = EDGE_CURVE ( 'NONE', #1833, #2727, #862, .T. ) ;
#385 = ORIENTED_EDGE ( 'NONE', *, *, #823, .T. ) ;
#386 = DIRECTION ( 'NONE',  ( 1.000000000000000000, 0.000000000000000000, 0.000000000000000000 ) ) ;
#387 = LINE ( 'NONE', #412, #2837 ) ;
#388 = EDGE_LOOP ( 'NONE', ( #1601, #1677, #38, #1870, #3176, #2290, #1720 ) ) ;
#389 = ADVANCED_FACE ( 'NONE', ( #595 ), #812, .T. ) ;
#390 = DIRECTION ( 'NONE',  ( 0.000000000000000000, 0.000000000000000000, -1.000000000000000000 ) ) ;
#391 = CARTESIAN_POINT ( 'NONE',  ( -42.52184732581581983, -75.00000000000001421, -24.55000000000019611 ) ) ;
#392 = ORIENTED_EDGE ( 'NONE', *, *, #1503, .F. ) ;
#393 = DIRECTION ( 'NONE',  ( 1.000000000000000000, 0.000000000000000000, 0.000000000000000000 ) ) ;
#395 = EDGE_CURVE ( 'NONE', #2822, #2217, #1094, .T. ) ;
#394 = VECTOR ( 'NONE', #3174, 1000.000000000000000 ) ;
#396 = EDGE_LOOP ( 'NONE', ( #984, #2784, #2270, #2197, #2901, #2387 ) ) ;
#397 = CARTESIAN_POINT ( 'NONE',  ( 43.00000000000000000, -44.13512577292345185, 30.00000000000000355 ) ) ;
#398 = EDGE_CURVE ( 'NONE', #77, #1182, #1874, .T. ) ;
#399 = AXIS2_PLACEMENT_3D ( 'NONE', #2395, #158, #434 ) ;
#400 = VERTEX_POINT ( 'NONE', #611 ) ;
#401 = ORIENTED_EDGE ( 'NONE', *, *, #2701, .F. ) ;
#402 =( BOUNDED_CURVE ( )  B_SPLINE_CURVE ( 3, ( #2970, #1931, #687, #966 ),
 .UNSPECIFIED., .F., .F. ) 
 B_SPLINE_CURVE_WITH_KNOTS ( ( 4, 4 ),
 ( 4.712388980384679016, 5.497787143782093544 ),
 .UNSPECIFIED. ) 
 CURVE ( )  GEOMETRIC_REPRESENTATION_ITEM ( )  RATIONAL_B_SPLINE_CURVE ( ( 1.000000000000000000, 0.9492530216741954519, 0.9492530216741954519, 1.000000000000000000 ) ) 
 REPRESENTATION_ITEM ( '' )  );
#403 = LINE ( 'NONE', #2951, #3071 ) ;
#404 = CARTESIAN_POINT ( 'NONE',  ( 40.84991118348291650, -53.77420889560207939, 34.99999999999999289 ) ) ;
#405 = CARTESIAN_POINT ( 'NONE',  ( 21.99999999999985434, -80.00000000000000000, -35.00000000000000000 ) ) ;
#406 = VECTOR ( 'NONE', #386, 1000.000000000000000 ) ;
#407 = ADVANCED_FACE ( 'NONE', ( #2855, #1624, #828, #2550, #1843 ), #626, .F. ) ;
#408 = VERTEX_POINT ( 'NONE', #844 ) ;
#409 = DIRECTION ( 'NONE',  ( 0.000000000000000000, 0.000000000000000000, 1.000000000000000000 ) ) ;
#410 = CARTESIAN_POINT ( 'NONE',  ( 3.980102097228899218E-16, 0.000000000000000000, 45.85000000000000142 ) ) ;
#411 = LINE ( 'NONE', #1411, #2448 ) ;
#412 = CARTESIAN_POINT ( 'NONE',  ( 35.00000000000001421, -79.99999999999992895, 34.99999999999965183 ) ) ;
#413 = EDGE_LOOP ( 'NONE', ( #1142, #2845, #2707, #2832 ) ) ;
#414 = ORIENTED_EDGE ( 'NONE', *, *, #2388, .F. ) ;
#415 = DIRECTION ( 'NONE',  ( 0.000000000000000000, 0.000000000000000000, -1.000000000000000000 ) ) ;
#416 = ADVANCED_FACE ( 'NONE', ( #2314 ), #75, .F. ) ;
#417 = EDGE_LOOP ( 'NONE', ( #1174, #2763, #121, #285 ) ) ;
#418 = VECTOR ( 'NONE', #2956, 1000.000000000000000 ) ;
#419 = CYLINDRICAL_SURFACE ( 'NONE', #2789, 8.000000000000000000 ) ;
#420 = CARTESIAN_POINT ( 'NONE',  ( -12.00000000000000000, 25.49999999999999645, -57.76677245614471445 ) ) ;
#421 = AXIS2_PLACEMENT_3D ( 'NONE', #1826, #88, #1584 ) ;
#422 = EDGE_CURVE ( 'NONE', #2158, #661, #2583, .T. ) ;
#423 = CARTESIAN_POINT ( 'NONE',  ( 64.00000000000017053, -60.00000000000000000, 15.00000000000022737 ) ) ;
#424 = DIRECTION ( 'NONE',  ( -4.625929269271484533E-15, 0.000000000000000000, 1.000000000000000000 ) ) ;
#425 = CIRCLE ( 'NONE', #1694, 8.000000000000000000 ) ;
#426 = EDGE_LOOP ( 'NONE', ( #2878, #1787, #2590, #208 ) ) ;
#427 = CARTESIAN_POINT ( 'NONE',  ( -22.00000000000015277, 0.000000000000000000, -35.00000000000000000 ) ) ;
#428 = VERTEX_POINT ( 'NONE', #1062 ) ;
#429 = ORIENTED_EDGE ( 'NONE', *, *, #1898, .F. ) ;
#430 = VECTOR ( 'NONE', #2227, 1000.000000000000000 ) ;
#431 = ORIENTED_EDGE ( 'NONE', *, *, #2929, .T. ) ;
#432 = ADVANCED_FACE ( 'NONE', ( #1124 ), #1342, .T. ) ;
#433 = AXIS2_PLACEMENT_3D ( 'NONE', #1570, #327, #2599 ) ;
#434 = DIRECTION ( 'NONE',  ( 0.000000000000000000, 0.000000000000000000, -1.000000000000000000 ) ) ;
#435 = DIRECTION ( 'NONE',  ( 1.000000000000000000, 0.000000000000000000, -0.000000000000000000 ) ) ;
#436 = EDGE_LOOP ( 'NONE', ( #608, #2731, #2988, #3170 ) ) ;
#437 = ORIENTED_EDGE ( 'NONE', *, *, #2724, .T. ) ;
#438 = CYLINDRICAL_SURFACE ( 'NONE', #1585, 8.000000000000000000 ) ;
#439 = CARTESIAN_POINT ( 'NONE',  ( -29.99999999999944578, -9.252067267179504135E-16, 52.84475796423780025 ) ) ;
#440 = DIRECTION ( 'NONE',  ( -0.000000000000000000, -1.000000000000000000, -0.000000000000000000 ) ) ;
#441 = FACE_OUTER_BOUND ( 'NONE', #1733, .T. ) ;
#442 = ADVANCED_FACE ( 'NONE', ( #124 ), #2120, .F. ) ;
#443 = AXIS2_PLACEMENT_3D ( 'NONE', #41, #2517, #1 ) ;
#444 = EDGE_CURVE ( 'NONE', #2485, #3218, #863, .T. ) ;
#445 = CARTESIAN_POINT ( 'NONE',  ( 64.00000000000017053, -15.00000000000000000, 15.00000000000022382 ) ) ;
#446 = CYLINDRICAL_SURFACE ( 'NONE', #947, 3.000000000000000888 ) ;
#447 = AXIS2_PLACEMENT_3D ( 'NONE', #290, #1809, #2562 ) ;
#448 = DIRECTION ( 'NONE',  ( -1.000000000000000000, -0.000000000000000000, -3.491481338843133750E-15 ) ) ;
#449 = CIRCLE ( 'NONE', #1554, 3.000000000000000888 ) ;
#450 = ORIENTED_EDGE ( 'NONE', *, *, #570, .F. ) ;
#451 =( NAMED_UNIT ( * ) SI_UNIT ( $, .STERADIAN. ) SOLID_ANGLE_UNIT ( ) );
#452 = VERTEX_POINT ( 'NONE', #1827 ) ;
#453 = ORIENTED_EDGE ( 'NONE', *, *, #381, .T. ) ;
#454 = DIRECTION ( 'NONE',  ( 0.000000000000000000, 0.000000000000000000, 1.000000000000000000 ) ) ;
#455 = CARTESIAN_POINT ( 'NONE',  ( -12.00000000000000000, 0.000000000000000000, -62.86493458200684614 ) ) ;
#456 = ORIENTED_EDGE ( 'NONE', *, *, #2273, .F. ) ;
#457 = DIRECTION ( 'NONE',  ( 2.280381816473232311E-15, 0.9760137018783704432, 0.2177091034974870110 ) ) ;
#458 = CARTESIAN_POINT ( 'NONE',  ( 35.00000000000000000, -80.00000000000000000, -35.00000000000000000 ) ) ;
#459 = CIRCLE ( 'NONE', #2292, 3.000000000000000888 ) ;
#460 = AXIS2_PLACEMENT_3D ( 'NONE', #742, #1230, #2734 ) ;
#461 = CARTESIAN_POINT ( 'NONE',  ( 11.99999999999999822, -15.00000000000000000, -64.00000000000000000 ) ) ;
#462 = LINE ( 'NONE', #2479, #313 ) ;
#463 = DIRECTION ( 'NONE',  ( -0.000000000000000000, -1.000000000000000000, -0.000000000000000000 ) ) ;
#464 = CARTESIAN_POINT ( 'NONE',  ( 35.00000000000000000, -15.00000000000000000, -14.99999999999987566 ) ) ;
#465 = VERTEX_POINT ( 'NONE', #2566 ) ;
#466 = DIRECTION ( 'NONE',  ( -0.000000000000000000, 1.000000000000000000, -0.000000000000000000 ) ) ;
#467 = ORIENTED_EDGE ( 'NONE', *, *, #1255, .F. ) ;
#468 = ORIENTED_EDGE ( 'NONE', *, *, #635, .F. ) ;
#469 = FACE_BOUND ( 'NONE', #2431, .T. ) ;
#470 = CARTESIAN_POINT ( 'NONE',  ( -18.00000000000000355, -15.00000000000000000, 30.00000000000000000 ) ) ;
#471 = VERTEX_POINT ( 'NONE', #109 ) ;
#472 = VERTEX_POINT ( 'NONE', #566 ) ;
#473 = CARTESIAN_POINT ( 'NONE',  ( 64.00000000000027001, -15.00000000000000000, -11.99999999999977440 ) ) ;
#474 = DIRECTION ( 'NONE',  ( 0.000000000000000000, 1.000000000000000000, 0.000000000000000000 ) ) ;
#475 = AXIS2_PLACEMENT_3D ( 'NONE', #184, #2976, #1253 ) ;
#476 = EDGE_CURVE ( 'NONE', #538, #2185, #596, .T. ) ;
#477 = CARTESIAN_POINT ( 'NONE',  ( -15.00000000000000000, -15.00000000000000000, 35.00000000000000000 ) ) ;
#478 = EDGE_CURVE ( 'NONE', #1354, #408, #355, .T. ) ;
#479 = CARTESIAN_POINT ( 'NONE',  ( 12.00000000000000178, 25.37478888948199796, -59.83448529668935123 ) ) ;
#480 = PLANE ( 'NONE',  #2319 ) ;
#481 = LINE ( 'NONE', #1482, #226 ) ;
#482 = ORIENTED_EDGE ( 'NONE', *, *, #2118, .T. ) ;
#483 = DIRECTION ( 'NONE',  ( 0.000000000000000000, 0.000000000000000000, -1.000000000000000000 ) ) ;
#484 = ADVANCED_FACE ( 'NONE', ( #441 ), #182, .F. ) ;
#485 = ORIENTED_EDGE ( 'NONE', *, *, #2570, .F. ) ;
#486 = ORIENTED_EDGE ( 'NONE', *, *, #1885, .T. ) ;
#487 = ORIENTED_EDGE ( 'NONE', *, *, #1847, .T. ) ;
#488 = CARTESIAN_POINT ( 'NONE',  ( 11.99999999999999645, -15.00000000000000000, -30.00000000000000000 ) ) ;
#489 = ORIENTED_EDGE ( 'NONE', *, *, #1321, .T. ) ;
#490 = CARTESIAN_POINT ( 'NONE',  ( -34.99999999999944578, -9.252067267179504135E-16, 52.84475796423785710 ) ) ;
#491 = CYLINDRICAL_SURFACE ( 'NONE', #953, 3.000000000000002665 ) ;
#492 = CARTESIAN_POINT ( 'NONE',  ( -35.00000000000000000, 0.000000000000000000, -22.00000000000000355 ) ) ;
#493 = DIRECTION ( 'NONE',  ( -1.000000000000000000, 0.000000000000000000, -0.000000000000000000 ) ) ;
#494 = FACE_BOUND ( 'NONE', #137, .T. ) ;
#495 = EDGE_CURVE ( 'NONE', #997, #648, #653, .T. ) ;
#496 = CARTESIAN_POINT ( 'NONE',  ( -12.00000000000000000, 4.999999999999996447, -34.84497836842659524 ) ) ;
#497 = CIRCLE ( 'NONE', #29, 3.000000000000002665 ) ;
#498 = CARTESIAN_POINT ( 'NONE',  ( 15.00000000000000000, -15.00000000000000000, -30.00000000000000000 ) ) ;
#499 = ORIENTED_EDGE ( 'NONE', *, *, #1206, .T. ) ;
#500 = ORIENTED_EDGE ( 'NONE', *, *, #536, .F. ) ;
#501 = EDGE_LOOP ( 'NONE', ( #1297, #3127 ) ) ;
#502 = AXIS2_PLACEMENT_3D ( 'NONE', #646, #2187, #1946 ) ;
#503 = EDGE_CURVE ( 'NONE', #373, #3091, #1164, .T. ) ;
#504 = LINE ( 'NONE', #557, #1969 ) ;
#505 = ORIENTED_EDGE ( 'NONE', *, *, #128, .F. ) ;
#506 = CARTESIAN_POINT ( 'NONE',  ( -12.00000000000000000, 25.49999999999998579, -59.05202512935311177 ) ) ;
#507 = DIRECTION ( 'NONE',  ( 1.000000000000000000, 0.000000000000000000, 0.000000000000000000 ) ) ;
#508 = CARTESIAN_POINT ( 'NONE',  ( 43.00000000000000000, -3.469446951953614189E-15, 22.00000000000000355 ) ) ;
#509 = CARTESIAN_POINT ( 'NONE',  ( 43.00000000000000000, 0.000000000000000000, 30.00000000000000355 ) ) ;
#510 = AXIS2_PLACEMENT_3D ( 'NONE', #621, #901, #159 ) ;
#511 = EDGE_CURVE ( 'NONE', #2217, #1371, #3099, .T. ) ;
#512 = VECTOR ( 'NONE', #2166, 1000.000000000000000 ) ;
#513 = CARTESIAN_POINT ( 'NONE',  ( 64.00000000000027001, -15.00000000000000000, -11.99999999999977440 ) ) ;
#514 = CYLINDRICAL_SURFACE ( 'NONE', #2345, 3.000000000000000888 ) ;
#515 = DIRECTION ( 'NONE',  ( 1.000000000000000000, 0.000000000000000000, 0.000000000000000000 ) ) ;
#516 = DIRECTION ( 'NONE',  ( -0.000000000000000000, -0.000000000000000000, 1.000000000000000000 ) ) ;
#517 = CARTESIAN_POINT ( 'NONE',  ( 35.00000000000000000, -15.00000000000000000, 12.00000000000012079 ) ) ;
#518 = TOROIDAL_SURFACE ( 'NONE', #1629, 60.00000000000000711, 3.999999999999998224 ) ;
#519 = FACE_OUTER_BOUND ( 'NONE', #585, .T. ) ;
#520 = EDGE_LOOP ( 'NONE', ( #2390, #553, #2096, #120 ) ) ;
#521 = CIRCLE ( 'NONE', #1457, 2.999999999999999112 ) ;
#522 = ORIENTED_EDGE ( 'NONE', *, *, #2685, .F. ) ;
#523 = VERTEX_POINT ( 'NONE', #2442 ) ;
#524 = LINE ( 'NONE', #2272, #1685 ) ;
#525 = EDGE_CURVE ( 'NONE', #143, #1582, #201, .T. ) ;
#526 = DIRECTION ( 'NONE',  ( 0.000000000000000000, 0.000000000000000000, -1.000000000000000000 ) ) ;
#527 = VERTEX_POINT ( 'NONE', #1990 ) ;
#528 = CARTESIAN_POINT ( 'NONE',  ( 52.84475796423749472, -1.850413453435900827E-15, 0.000000000000000000 ) ) ;
#529 = DIRECTION ( 'NONE',  ( 1.000000000000000000, 0.000000000000000000, 0.000000000000000000 ) ) ;
#530 = CARTESIAN_POINT ( 'NONE',  ( -11.99999999999999822, -15.00000000000000000, -35.00000000000000000 ) ) ;
#531 = DIRECTION ( 'NONE',  ( 0.000000000000000000, 1.000000000000000000, 0.000000000000000000 ) ) ;
#532 = CARTESIAN_POINT ( 'NONE',  ( 0.000000000000000000, 4.999999999999992895, 0.000000000000000000 ) ) ;
#533 = PLANE ( 'NONE',  #2328 ) ;
#534 = CARTESIAN_POINT ( 'NONE',  ( -30.00000000000000000, -15.00000000000000000, -18.00000000000010658 ) ) ;
#535 = DIRECTION ( 'NONE',  ( 0.000000000000000000, 0.000000000000000000, -1.000000000000000000 ) ) ;
#536 = EDGE_CURVE ( 'NONE', #1753, #2541, #40, .T. ) ;
#537 = AXIS2_PLACEMENT_3D ( 'NONE', #2243, #3227, #1003 ) ;
#538 = VERTEX_POINT ( 'NONE', #2735 ) ;
#539 = ORIENTED_EDGE ( 'NONE', *, *, #1652, .T. ) ;
#540 = CIRCLE ( 'NONE', #1845, 3.000000000000000888 ) ;
#541 = CYLINDRICAL_SURFACE ( 'NONE', #2859, 64.00000000000000000 ) ;
#542 = ADVANCED_FACE ( 'NONE', ( #2283 ), #1971, .T. ) ;
#543 = AXIS2_PLACEMENT_3D ( 'NONE', #1178, #166, #1409 ) ;
#544 = EDGE_LOOP ( 'NONE', ( #2663, #1687 ) ) ;
#545 = CARTESIAN_POINT ( 'NONE',  ( 38.31370849898475939, -65.14428268233959329, -30.00000000000001421 ) ) ;
#546 = CARTESIAN_POINT ( 'NONE',  ( 35.00000000000000000, -1.850413453435900827E-15, -1.222018468595096801E-13 ) ) ;
#547 = CARTESIAN_POINT ( 'NONE',  ( 22.00000000000045119, 0.000000000000000000, 35.00000000000000000 ) ) ;
#548 = EDGE_CURVE ( 'NONE', #2188, #2047, #3231, .T. ) ;
#549 = DIRECTION ( 'NONE',  ( 1.000000000000000000, 0.000000000000000000, 0.000000000000000000 ) ) ;
#550 = DIRECTION ( 'NONE',  ( -0.000000000000000000, -0.000000000000000000, -1.000000000000000000 ) ) ;
#551 = FACE_BOUND ( 'NONE', #2579, .T. ) ;
#552 = PLANE ( 'NONE',  #2725 ) ;
#553 = ORIENTED_EDGE ( 'NONE', *, *, #151, .T. ) ;
#554 = EDGE_LOOP ( 'NONE', ( #665, #2737, #1312 ) ) ;
#555 = EDGE_CURVE ( 'NONE', #3017, #1375, #462, .T. ) ;
#556 = CARTESIAN_POINT ( 'NONE',  ( -35.00000000000000000, -80.00000000000000000, -22.00000000000000355 ) ) ;
#557 = CARTESIAN_POINT ( 'NONE',  ( -43.00000000000000000, 0.000000000000000000, -30.00000000000000355 ) ) ;
#558 = VECTOR ( 'NONE', #2821, 1000.000000000000000 ) ;
#559 = ORIENTED_EDGE ( 'NONE', *, *, #794, .T. ) ;
#560 = FACE_OUTER_BOUND ( 'NONE', #645, .T. ) ;
#561 = CYLINDRICAL_SURFACE ( 'NONE', #1736, 2.999999999999999112 ) ;
#562 = PLANE ( 'NONE',  #3006 ) ;
#563 = ORIENTED_EDGE ( 'NONE', *, *, #1423, .T. ) ;
#564 = DIRECTION ( 'NONE',  ( -1.000000000000000000, -0.000000000000000000, -3.491481338843133750E-15 ) ) ;
#565 = DIRECTION ( 'NONE',  ( 0.000000000000000000, 0.000000000000000000, 1.000000000000000000 ) ) ;
#566 = CARTESIAN_POINT ( 'NONE',  ( -11.99999999999999645, -15.00000000000000000, 35.00000000000000000 ) ) ;
#567 = DIRECTION ( 'NONE',  ( -0.2177091034974870110, 0.9760137018783704432, 0.000000000000000000 ) ) ;
#568 = CARTESIAN_POINT ( 'NONE',  ( -15.00000000000000355, -60.00000000000000000, -30.00000000000000000 ) ) ;
#569 = ORIENTED_EDGE ( 'NONE', *, *, #2460, .T. ) ;
#570 = EDGE_CURVE ( 'NONE', #2912, #2384, #722, .T. ) ;
#571 = AXIS2_PLACEMENT_3D ( 'NONE', #2979, #731, #1976 ) ;
#572 = CARTESIAN_POINT ( 'NONE',  ( -12.00000000000000000, 24.52819002507970580, -61.46597262835492614 ) ) ;
#573 = VECTOR ( 'NONE', #2359, 1000.000000000000000 ) ;
#574 = DIRECTION ( 'NONE',  ( -1.000000000000000000, 0.000000000000000000, 0.000000000000000000 ) ) ;
#575 = CARTESIAN_POINT ( 'NONE',  ( -12.00000000000000000, 0.000000000000000000, -57.76677245614471445 ) ) ;
#576 = VERTEX_POINT ( 'NONE', #1269 ) ;
#577 = CARTESIAN_POINT ( 'NONE',  ( -15.00000000000000000, -15.00000000000000000, -64.00000000000000000 ) ) ;
#578 = DIRECTION ( 'NONE',  ( -0.000000000000000000, -0.000000000000000000, 1.000000000000000000 ) ) ;
#579 = CARTESIAN_POINT ( 'NONE',  ( 35.00000000000043343, -53.77420889560210782, 40.84991118348256123 ) ) ;
#580 = DIRECTION ( 'NONE',  ( 0.000000000000000000, 0.000000000000000000, 1.000000000000000000 ) ) ;
#581 = LINE ( 'NONE', #2537, #1325 ) ;
#582 = EDGE_CURVE ( 'NONE', #527, #1883, #1494, .T. ) ;
#583 = ORIENTED_EDGE ( 'NONE', *, *, #2002, .T. ) ;
#584 = ORIENTED_EDGE ( 'NONE', *, *, #94, .F. ) ;
#585 = EDGE_LOOP ( 'NONE', ( #1551, #2890, #1015, #2558 ) ) ;
#586 = CIRCLE ( 'NONE', #64, 2.999999999999999112 ) ;
#587 = ADVANCED_FACE ( 'NONE', ( #1762 ), #480, .F. ) ;
#588 = CARTESIAN_POINT ( 'NONE',  ( -35.00000000000000000, -1.850413453435900827E-15, 1.222018468595096801E-13 ) ) ;
#589 = FACE_OUTER_BOUND ( 'NONE', #2252, .T. ) ;
#590 = AXIS2_PLACEMENT_3D ( 'NONE', #3016, #2998, #2500 ) ;
#591 = ORIENTED_EDGE ( 'NONE', *, *, #384, .F. ) ;
#592 = CARTESIAN_POINT ( 'NONE',  ( -35.00000000000000711, -79.99999999999997158, -34.99999999999988631 ) ) ;
#593 = CIRCLE ( 'NONE', #858, 3.000000000000000888 ) ;
#594 = CARTESIAN_POINT ( 'NONE',  ( -35.00000000000000000, 0.000000000000000000, -35.00000000000000000 ) ) ;
#595 = FACE_OUTER_BOUND ( 'NONE', #730, .T. ) ;
#596 = CIRCLE ( 'NONE', #433, 64.00000000000000000 ) ;
#597 = VERTEX_POINT ( 'NONE', #2535 ) ;
#598 = CARTESIAN_POINT ( 'NONE',  ( 12.00000000000000000, 25.49999999999999645, -34.84497836842659524 ) ) ;
#599 = ORIENTED_EDGE ( 'NONE', *, *, #2216, .T. ) ;
#600 = DIRECTION ( 'NONE',  ( 0.000000000000000000, 0.000000000000000000, 1.000000000000000000 ) ) ;
#601 = DIRECTION ( 'NONE',  ( -0.000000000000000000, 1.000000000000000000, -0.000000000000000000 ) ) ;
#602 = ORIENTED_EDGE ( 'NONE', *, *, #43, .F. ) ;
#603 = VERTEX_POINT ( 'NONE', #2498 ) ;
#604 = FACE_OUTER_BOUND ( 'NONE', #2891, .T. ) ;
#605 = VECTOR ( 'NONE', #2578, 1000.000000000000000 ) ;
#606 = DIRECTION ( 'NONE',  ( 1.000000000000000000, 0.000000000000000000, 0.000000000000000000 ) ) ;
#607 = EDGE_CURVE ( 'NONE', #2822, #2432, #2993, .T. ) ;
#608 = ORIENTED_EDGE ( 'NONE', *, *, #678, .F. ) ;
#609 = DIRECTION ( 'NONE',  ( -1.000000000000000000, 0.000000000000000000, 0.000000000000000000 ) ) ;
#610 = EDGE_CURVE ( 'NONE', #1277, #298, #909, .T. ) ;
#611 = CARTESIAN_POINT ( 'NONE',  ( 35.00000000000000000, -80.00000000000000000, -35.00000000000000000 ) ) ;
#612 = VECTOR ( 'NONE', #2247, 1000.000000000000000 ) ;
#613 = EDGE_LOOP ( 'NONE', ( #429, #2554, #2335, #92 ) ) ;
#614 = CARTESIAN_POINT ( 'NONE',  ( -11.99999999999999822, 25.47509222665349071, -59.31373796691588041 ) ) ;
#615 = VECTOR ( 'NONE', #65, 1000.000000000000000 ) ;
#616 = DIRECTION ( 'NONE',  ( 0.000000000000000000, 0.000000000000000000, 1.000000000000000000 ) ) ;
#617 = ORIENTED_EDGE ( 'NONE', *, *, #980, .T. ) ;
#618 = ORIENTED_EDGE ( 'NONE', *, *, #739, .F. ) ;
#619 = EDGE_CURVE ( 'NONE', #2727, #2635, #2704, .T. ) ;
#620 = AXIS2_PLACEMENT_3D ( 'NONE', #2486, #2540, #239 ) ;
#621 = CARTESIAN_POINT ( 'NONE',  ( -35.00000000000000000, -60.00000000000000000, 14.99999999999988098 ) ) ;
#622 = DIRECTION ( 'NONE',  ( -0.000000000000000000, 1.000000000000000000, -0.000000000000000000 ) ) ;
#623 = VERTEX_POINT ( 'NONE', #2008 ) ;
#624 = ADVANCED_FACE ( 'NONE', ( #991 ), #3013, .F. ) ;
#625 = CARTESIAN_POINT ( 'NONE',  ( -35.00000000000000000, -80.00000000000000000, -35.00000000000000000 ) ) ;
#626 = PLANE ( 'NONE',  #3145 ) ;
#627 = CARTESIAN_POINT ( 'NONE',  ( 12.00000000000000000, 4.999999999999996447, -62.86493458200684614 ) ) ;
#628 = ADVANCED_FACE ( 'NONE', ( #1463 ), #514, .F. ) ;
#629 = DIRECTION ( 'NONE',  ( 1.000000000000000000, 0.000000000000000000, 0.000000000000000000 ) ) ;
#630 = EDGE_CURVE ( 'NONE', #1717, #1612, #273, .T. ) ;
#631 = DIRECTION ( 'NONE',  ( -1.047444401652940007E-14, 0.000000000000000000, -1.000000000000000000 ) ) ;
#632 = ORIENTED_EDGE ( 'NONE', *, *, #1335, .T. ) ;
#633 = EDGE_LOOP ( 'NONE', ( #1256, #644, #401, #230 ) ) ;
#634 = CARTESIAN_POINT ( 'NONE',  ( -35.00000000000000000, -15.00000000000000000, 14.99999999999987743 ) ) ;
#635 = EDGE_CURVE ( 'NONE', #523, #2739, #1286, .T. ) ;
#636 = CARTESIAN_POINT ( 'NONE',  ( -37.34314575050776597, -69.49542154529127913, -37.34314575050763096 ) ) ;
#637 = VERTEX_POINT ( 'NONE', #2210 ) ;
#638 = LINE ( 'NONE', #1653, #2673 ) ;
#639 = CIRCLE ( 'NONE', #804, 3.250000000000002665 ) ;
#640 = EDGE_CURVE ( 'NONE', #2131, #143, #1479, .T. ) ;
#641 = ORIENTED_EDGE ( 'NONE', *, *, #2070, .T. ) ;
#642 = DIRECTION ( 'NONE',  ( 0.000000000000000000, 1.000000000000000000, 0.000000000000000000 ) ) ;
#643 = EDGE_CURVE ( 'NONE', #2681, #2833, #1029, .T. ) ;
#644 = ORIENTED_EDGE ( 'NONE', *, *, #536, .T. ) ;
#645 = EDGE_LOOP ( 'NONE', ( #1558, #3065, #2021 ) ) ;
#646 = CARTESIAN_POINT ( 'NONE',  ( 30.00000000000000000, -15.00000000000000000, -14.99999999999989342 ) ) ;
#647 = APPLICATION_CONTEXT ( 'automotive_design' ) ;
#648 = VERTEX_POINT ( 'NONE', #2720 ) ;
#649 =( BOUNDED_CURVE ( )  B_SPLINE_CURVE ( 3, ( #80, #1379, #2604, #1083 ),
 .UNSPECIFIED., .F., .F. ) 
 B_SPLINE_CURVE_WITH_KNOTS ( ( 4, 4 ),
 ( 1.570796326794896558, 3.141592653589783346 ),
 .UNSPECIFIED. ) 
 CURVE ( )  GEOMETRIC_REPRESENTATION_ITEM ( )  RATIONAL_B_SPLINE_CURVE ( ( 1.000000000000000000, 0.8047378541243672689, 0.8047378541243672689, 1.000000000000000000 ) ) 
 REPRESENTATION_ITEM ( '' )  );
#650 = VERTEX_POINT ( 'NONE', #2301 ) ;
#651 = FACE_OUTER_BOUND ( 'NONE', #1056, .T. ) ;
#652 = CARTESIAN_POINT ( 'NONE',  ( 30.00000000000000000, -60.00000000000000000, 15.00000000000010836 ) ) ;
#653 = LINE ( 'NONE', #1697, #2420 ) ;
#654 = AXIS2_PLACEMENT_3D ( 'NONE', #175, #3207, #2713 ) ;
#655 = CARTESIAN_POINT ( 'NONE',  ( -43.00000000000015632, -44.13512577292276973, -35.00000000000000000 ) ) ;
#656 = CARTESIAN_POINT ( 'NONE',  ( -35.00000000000000000, -15.00000000000000000, -18.00000000000012434 ) ) ;
#657 = ORIENTED_EDGE ( 'NONE', *, *, #114, .F. ) ;
#658 = EDGE_CURVE ( 'NONE', #3007, #1431, #540, .T. ) ;
#659 = VECTOR ( 'NONE', #2129, 1000.000000000000114 ) ;
#660 = ORIENTED_EDGE ( 'NONE', *, *, #1545, .F. ) ;
#661 = VERTEX_POINT ( 'NONE', #2795 ) ;
#662 = CARTESIAN_POINT ( 'NONE',  ( 64.00000000000015632, -15.00000000000000000, 18.00000000000022382 ) ) ;
#663 = AXIS2_PLACEMENT_3D ( 'NONE', #1669, #2426, #1895 ) ;
#664 = PLANE ( 'NONE',  #2899 ) ;
#665 = ORIENTED_EDGE ( 'NONE', *, *, #2958, .T. ) ;
#666 = CIRCLE ( 'NONE', #887, 3.000000000000000888 ) ;
#667 = EDGE_CURVE ( 'NONE', #737, #2158, #811, .T. ) ;
#668 = EDGE_LOOP ( 'NONE', ( #2160, #1432 ) ) ;
#669 = DIRECTION ( 'NONE',  ( -0.2177091034974870110, 0.9760137018783704432, 0.000000000000000000 ) ) ;
#670 = CARTESIAN_POINT ( 'NONE',  ( 11.99999999999999645, -15.00000000000000000, 30.00000000000000000 ) ) ;
#671 = B_SPLINE_CURVE_WITH_KNOTS ( 'NONE', 3,
 ( #2941, #3180, #2157, #479, #951, #1953, #3146, #1920, #2911, #2423, #183, #2176, #1989, #39, #1761, #2056, #2548, #1745 ),
 .UNSPECIFIED., .F., .F.,
 ( 4, 2, 2, 2, 2, 2, 2, 2, 4 ),
 ( 0.02013151070048370406, 0.02092052455882140519, 0.02170953841715910632, 0.02249855227549680745, 0.02328756613383450857, 0.02407657999217220970, 0.02486559385050991083, 0.02565460770884761196, 0.02644362156718531309 ),
 .UNSPECIFIED. ) ;
#672 = CIRCLE ( 'NONE', #460, 2.999999999999999112 ) ;
#673 = DIRECTION ( 'NONE',  ( -0.000000000000000000, -0.000000000000000000, 1.000000000000000000 ) ) ;
#674 = DIRECTION ( 'NONE',  ( -0.000000000000000000, -0.000000000000000000, 1.000000000000000000 ) ) ;
#675 = LINE ( 'NONE', #2424, #1414 ) ;
#676 = CARTESIAN_POINT ( 'NONE',  ( 35.00000000000000000, -79.99999999999998579, 26.68629150101524417 ) ) ;
#677 = ORIENTED_EDGE ( 'NONE', *, *, #48, .F. ) ;
#678 = EDGE_CURVE ( 'NONE', #2432, #1371, #2825, .T. ) ;
#679 = VERTEX_POINT ( 'NONE', #3094 ) ;
#680 = EDGE_LOOP ( 'NONE', ( #2740, #2271 ) ) ;
#681 = CARTESIAN_POINT ( 'NONE',  ( 30.00000000000000000, -60.00000000000000000, -11.99999999999989697 ) ) ;
#682 = CARTESIAN_POINT ( 'NONE',  ( -18.00000000000000355, -15.00000000000000000, 35.00000000000000000 ) ) ;
#683 = ORIENTED_EDGE ( 'NONE', *, *, #809, .F. ) ;
#684 = ADVANCED_FACE ( 'NONE', ( #1305 ), #2045, .F. ) ;
#685 = AXIS2_PLACEMENT_3D ( 'NONE', #42, #797, #275 ) ;
#686 = ORIENTED_EDGE ( 'NONE', *, *, #1085, .F. ) ;
#687 = CARTESIAN_POINT ( 'NONE',  ( -35.82280336819464850, -62.67956050482450792, 38.86348813282070580 ) ) ;
#688 = CARTESIAN_POINT ( 'NONE',  ( 3.980102097228899218E-16, 4.999999999999996447, 45.85000000000000142 ) ) ;
#689 = CARTESIAN_POINT ( 'NONE',  ( -30.00000000000000355, -80.00000000000000000, 30.00000000000000000 ) ) ;
#690 = CIRCLE ( 'NONE', #1010, 8.000000000000000000 ) ;
#691 = DIRECTION ( 'NONE',  ( 0.000000000000000000, -0.000000000000000000, 1.000000000000000000 ) ) ;
#692 = AXIS2_PLACEMENT_3D ( 'NONE', #2922, #3178, #2402 ) ;
#693 = EDGE_LOOP ( 'NONE', ( #1959, #1192 ) ) ;
#694 = CARTESIAN_POINT ( 'NONE',  ( 35.00000000000000000, -80.00000000000000000, 22.00000000000000355 ) ) ;
#695 = ORIENTED_EDGE ( 'NONE', *, *, #241, .F. ) ;
#696 = ORIENTED_EDGE ( 'NONE', *, *, #2695, .F. ) ;
#697 = EDGE_LOOP ( 'NONE', ( #3192, #583, #2726, #2936, #1151 ) ) ;
#698 = VECTOR ( 'NONE', #377, 1000.000000000000114 ) ;
#699 = CARTESIAN_POINT ( 'NONE',  ( -30.00000000000000000, -15.00000000000000000, 11.99999999999989342 ) ) ;
#700 = CARTESIAN_POINT ( 'NONE',  ( 0.000000000000000000, -1.850413453435900827E-15, -30.00000000000000355 ) ) ;
#701 = EDGE_LOOP ( 'NONE', ( #2016, #2586, #1559 ) ) ;
#702 = ORIENTED_EDGE ( 'NONE', *, *, #2175, .F. ) ;
#703 = CYLINDRICAL_SURFACE ( 'NONE', #2608, 2.999999999999999112 ) ;
#704 = CARTESIAN_POINT ( 'NONE',  ( 35.00000000000000000, -80.00000000000000000, -35.00000000000000000 ) ) ;
#705 = EDGE_CURVE ( 'NONE', #2635, #77, #326, .T. ) ;
#706 = DIRECTION ( 'NONE',  ( 0.000000000000000000, 0.000000000000000000, -1.000000000000000000 ) ) ;
#707 = DIRECTION ( 'NONE',  ( 1.000000000000000000, 0.000000000000000000, 0.000000000000000000 ) ) ;
#708 = AXIS2_PLACEMENT_3D ( 'NONE', #391, #622, #2386 ) ;
#709 = CARTESIAN_POINT ( 'NONE',  ( 5.535194588634517376E-13, -1.850413453435900827E-15, 52.84475796423749472 ) ) ;
#710 = UNCERTAINTY_MEASURE_WITH_UNIT (LENGTH_MEASURE( 1.000000000000000082E-05 ), #1657, 'distance_accuracy_value', 'NONE');
#711 = AXIS2_PLACEMENT_3D ( 'NONE', #1295, #2289, #3222 ) ;
#712 = EDGE_LOOP ( 'NONE', ( #281, #2887, #1864, #1769 ) ) ;
#713 = ORIENTED_EDGE ( 'NONE', *, *, #1108, .T. ) ;
#714 = LINE ( 'NONE', #2694, #512 ) ;
#715 = EDGE_CURVE ( 'NONE', #1258, #2427, #3029, .T. ) ;
#716 = CARTESIAN_POINT ( 'NONE',  ( 29.99999999999985079, -44.13512577292380001, -43.00000000000002842 ) ) ;
#717 = EDGE_LOOP ( 'NONE', ( #148, #1614, #618, #2605, #214 ) ) ;
#718 = EDGE_CURVE ( 'NONE', #1500, #3142, #1622, .T. ) ;
#719 = ORIENTED_EDGE ( 'NONE', *, *, #48, .T. ) ;
#720 = DIRECTION ( 'NONE',  ( 0.2177091034974870110, 0.9760137018783704432, 0.000000000000000000 ) ) ;
#721 = CYLINDRICAL_SURFACE ( 'NONE', #692, 8.000000000000000000 ) ;
#722 = CIRCLE ( 'NONE', #1875, 3.000000000000000888 ) ;
#723 = COLOUR_RGB ( '',0.7921568627450980005, 0.8196078431372548767, 0.9333333333333333481 ) ;
#724 = ADVANCED_FACE ( 'NONE', ( #1061 ), #2853, .F. ) ;
#725 = AXIS2_PLACEMENT_3D ( 'NONE', #234, #1046, #549 ) ;
#726 = LINE ( 'NONE', #461, #105 ) ;
#727 = DIRECTION ( 'NONE',  ( 1.000000000000000000, 0.000000000000000000, -0.000000000000000000 ) ) ;
#728 = DIRECTION ( 'NONE',  ( 1.000000000000000000, 0.000000000000000000, -0.000000000000000000 ) ) ;
#729 = DIRECTION ( 'NONE',  ( 1.000000000000000000, 0.000000000000000000, 0.000000000000000000 ) ) ;
#730 = EDGE_LOOP ( 'NONE', ( #2886, #767, #1498 ) ) ;
#731 = DIRECTION ( 'NONE',  ( 0.000000000000000000, 0.000000000000000000, 1.000000000000000000 ) ) ;
#732 = ORIENTED_EDGE ( 'NONE', *, *, #2806, .F. ) ;
#733 = VERTEX_POINT ( 'NONE', #365 ) ;
#734 = VERTEX_POINT ( 'NONE', #1547 ) ;
#735 = LINE ( 'NONE', #1453, #2559 ) ;
#736 = CARTESIAN_POINT ( 'NONE',  ( -15.00000000000000000, -15.00000000000000000, -30.00000000000000000 ) ) ;
#737 = VERTEX_POINT ( 'NONE', #1324 ) ;
#738 = DIRECTION ( 'NONE',  ( 0.000000000000000000, -1.000000000000000000, 0.000000000000000000 ) ) ;
#739 = EDGE_CURVE ( 'NONE', #1755, #1354, #2659, .T. ) ;
#740 = DIRECTION ( 'NONE',  ( -0.000000000000000000, 0.000000000000000000, 1.000000000000000000 ) ) ;
#741 = DIRECTION ( 'NONE',  ( -1.000000000000000000, -0.000000000000000000, -3.491481338843133750E-15 ) ) ;
#742 = CARTESIAN_POINT ( 'NONE',  ( -15.00000000000000355, -60.00000000000000000, -35.00000000000000000 ) ) ;
#743 = CARTESIAN_POINT ( 'NONE',  ( -35.00000000000000000, -80.00000000000000000, 35.00000000000000000 ) ) ;
#744 = CARTESIAN_POINT ( 'NONE',  ( -30.00000000000000000, -60.00000000000000000, 11.99999999999990052 ) ) ;
#745 = VECTOR ( 'NONE', #180, 1000.000000000000000 ) ;
#746 = ORIENTED_EDGE ( 'NONE', *, *, #2816, .F. ) ;
#747 = CARTESIAN_POINT ( 'NONE',  ( 18.00000000000000355, -15.00000000000000000, -64.00000000000000000 ) ) ;
#748 = ADVANCED_FACE ( 'NONE', ( #2549 ), #308, .F. ) ;
#749 =( NAMED_UNIT ( * ) SI_UNIT ( $, .STERADIAN. ) SOLID_ANGLE_UNIT ( ) );
#750 = ORIENTED_EDGE ( 'NONE', *, *, #444, .T. ) ;
#751 = ORIENTED_EDGE ( 'NONE', *, *, #1091, .F. ) ;
#752 = ORIENTED_EDGE ( 'NONE', *, *, #262, .F. ) ;
#753 = EDGE_CURVE ( 'NONE', #2119, #1806, #333, .T. ) ;
#754 = CARTESIAN_POINT ( 'NONE',  ( 0.000000000000000000, 0.000000000000000000, 0.000000000000000000 ) ) ;
#755 = ORIENTED_EDGE ( 'NONE', *, *, #3224, .T. ) ;
#756 = DIRECTION ( 'NONE',  ( -1.000000000000000000, 0.000000000000000000, 3.491481338843133355E-15 ) ) ;
#757 = DIRECTION ( 'NONE',  ( 1.000000000000000000, 0.000000000000000000, 0.000000000000000000 ) ) ;
#758 = LINE ( 'NONE', #509, #350 ) ;
#759 = CARTESIAN_POINT ( 'NONE',  ( -30.00000000000013500, -65.14428268233920960, -38.31370849898475228 ) ) ;
#760 = CARTESIAN_POINT ( 'NONE',  ( -18.00000000000000355, -60.00000000000000000, 35.00000000000000000 ) ) ;
#761 = CARTESIAN_POINT ( 'NONE',  ( -35.00000000000000000, -80.00000000000000000, -35.00000000000000000 ) ) ;
#762 = DIRECTION ( 'NONE',  ( 0.000000000000000000, 0.000000000000000000, -1.000000000000000000 ) ) ;
#763 = CARTESIAN_POINT ( 'NONE',  ( 0.000000000000000000, -75.00000000000001421, 3.250000000000000444 ) ) ;
#764 = CARTESIAN_POINT ( 'NONE',  ( 0.000000000000000000, 21.49999999999999645, 0.000000000000000000 ) ) ;
#765 = ORIENTED_EDGE ( 'NONE', *, *, #1987, .T. ) ;
#766 = AXIS2_PLACEMENT_3D ( 'NONE', #2593, #606, #903 ) ;
#767 = ORIENTED_EDGE ( 'NONE', *, *, #2183, .T. ) ;
#768 = EDGE_LOOP ( 'NONE', ( #2828, #489 ) ) ;
#769 = CARTESIAN_POINT ( 'NONE',  ( 11.99999999999999822, -15.00000000000000000, -64.00000000000000000 ) ) ;
#770 = ORIENTED_EDGE ( 'NONE', *, *, #2145, .T. ) ;
#771 = ORIENTED_EDGE ( 'NONE', *, *, #2372, .F. ) ;
#772 = CARTESIAN_POINT ( 'NONE',  ( -15.00000000000000000, -15.00000000000000000, -64.00000000000000000 ) ) ;
#773 = CARTESIAN_POINT ( 'NONE',  ( 0.000000000000000000, 4.999999999999996447, 3.250000000000000444 ) ) ;
#774 = DIRECTION ( 'NONE',  ( -7.601272721577441036E-16, 0.9760137018783704432, -0.2177091034974870110 ) ) ;
#775 = AXIS2_PLACEMENT_3D ( 'NONE', #634, #1647, #390 ) ;
#776 = EDGE_CURVE ( 'NONE', #1582, #2131, #826, .T. ) ;
#777 = AXIS2_PLACEMENT_3D ( 'NONE', #498, #1289, #996 ) ;
#778 = CARTESIAN_POINT ( 'NONE',  ( -43.00000000000015632, -80.00000000000000000, -35.00000000000000000 ) ) ;
#779 = DIRECTION ( 'NONE',  ( -1.000000000000000000, -0.000000000000000000, -3.491481338843133750E-15 ) ) ;
#780 = CARTESIAN_POINT ( 'NONE',  ( -35.00000000000000000, -80.00000000000000000, -35.00000000000000000 ) ) ;
#781 = DIRECTION ( 'NONE',  ( 0.000000000000000000, 0.000000000000000000, 1.000000000000000000 ) ) ;
#782 = CARTESIAN_POINT ( 'NONE',  ( 0.000000000000000000, -27.25000000000027356, -30.00000000000000355 ) ) ;
#783 = CIRCLE ( 'NONE', #2613, 2.999999999999999112 ) ;
#784 = CYLINDRICAL_SURFACE ( 'NONE', #204, 59.00000000000000000 ) ;
#785 = ORIENTED_EDGE ( 'NONE', *, *, #841, .T. ) ;
#786 = EDGE_CURVE ( 'NONE', #2451, #1132, #380, .T. ) ;
#787 = LINE ( 'NONE', #3005, #1138 ) ;
#788 = ORIENTED_EDGE ( 'NONE', *, *, #1528, .F. ) ;
#789 = EDGE_LOOP ( 'NONE', ( #2258, #3018 ) ) ;
#790 = EDGE_CURVE ( 'NONE', #2185, #1066, #122, .T. ) ;
#791 = FACE_OUTER_BOUND ( 'NONE', #1732, .T. ) ;
#792 = CARTESIAN_POINT ( 'NONE',  ( 52.84475796423748761, -9.252067267179504135E-16, -30.00000000000000355 ) ) ;
#793 = PLANE ( 'NONE',  #919 ) ;
#794 = EDGE_CURVE ( 'NONE', #2916, #472, #1945, .T. ) ;
#795 = CARTESIAN_POINT ( 'NONE',  ( 35.00000000000000000, 0.000000000000000000, -22.00000000000000355 ) ) ;
#796 = CARTESIAN_POINT ( 'NONE',  ( 35.82280336819513877, -62.67956050482176522, 38.86348813282057080 ) ) ;
#797 = DIRECTION ( 'NONE',  ( -1.000000000000000000, 0.000000000000000000, 0.000000000000000000 ) ) ;
#798 = LINE ( 'NONE', #311, #2450 ) ;
#799 = ORIENTED_EDGE ( 'NONE', *, *, #1460, .F. ) ;
#800 = ORIENTED_EDGE ( 'NONE', *, *, #1136, .T. ) ;
#801 = VECTOR ( 'NONE', #1496, 1000.000000000000000 ) ;
#802 = CARTESIAN_POINT ( 'NONE',  ( -30.00000000000000355, 0.000000000000000000, -30.00000000000000000 ) ) ;
#803 = ORIENTED_EDGE ( 'NONE', *, *, #753, .T. ) ;
#804 = AXIS2_PLACEMENT_3D ( 'NONE', #935, #474, #1476 ) ;
#805 = ORIENTED_EDGE ( 'NONE', *, *, #2013, .T. ) ;
#806 = FACE_OUTER_BOUND ( 'NONE', #413, .T. ) ;
#807 = CARTESIAN_POINT ( 'NONE',  ( -34.99999999999963762, -80.00000000000164846, 35.00000000000000000 ) ) ;
#808 = ORIENTED_EDGE ( 'NONE', *, *, #2052, .F. ) ;
#809 = EDGE_CURVE ( 'NONE', #2185, #1806, #1340, .T. ) ;
#810 = CARTESIAN_POINT ( 'NONE',  ( -12.00000000000000000, 4.999999999999996447, -62.86493458200684614 ) ) ;
#811 = LINE ( 'NONE', #1372, #2260 ) ;
#812 = PLANE ( 'NONE',  #2743 ) ;
#813 = CARTESIAN_POINT ( 'NONE',  ( -43.00000000000000000, -44.13512577292345185, 35.00000000000000000 ) ) ;
#814 = ORIENTED_EDGE ( 'NONE', *, *, #1222, .F. ) ;
#815 = DIRECTION ( 'NONE',  ( -0.000000000000000000, 1.000000000000000000, -0.000000000000000000 ) ) ;
#816 = CARTESIAN_POINT ( 'NONE',  ( -43.00000000000000000, -27.25000000000027356, 22.00000000000000355 ) ) ;
#817 = CARTESIAN_POINT ( 'NONE',  ( 12.00000000000000000, 4.999999999999996447, -34.84497836842659524 ) ) ;
#818 = CARTESIAN_POINT ( 'NONE',  ( -30.00000000000000000, -15.00000000000000000, 14.99999999999989519 ) ) ;
#819 = EDGE_LOOP ( 'NONE', ( #657, #99, #1473, #2447, #173 ) ) ;
#820 = ADVANCED_FACE ( 'NONE', ( #2346 ), #2103, .F. ) ;
#821 = CARTESIAN_POINT ( 'NONE',  ( 15.00000000000000355, -60.00000000000000000, -64.00000000000000000 ) ) ;
#822 = DIRECTION ( 'NONE',  ( -1.022320087969060479E-14, 0.2177091034974870110, -0.9760137018783704432 ) ) ;
#823 = EDGE_CURVE ( 'NONE', #189, #679, #2927, .T. ) ;
#824 = ORIENTED_EDGE ( 'NONE', *, *, #1206, .F. ) ;
#825 = VECTOR ( 'NONE', #1852, 1000.000000000000000 ) ;
#826 = LINE ( 'NONE', #594, #168 ) ;
#827 = EDGE_CURVE ( 'NONE', #734, #2485, #638, .T. ) ;
#828 = FACE_BOUND ( 'NONE', #3103, .T. ) ;
#829 = CARTESIAN_POINT ( 'NONE',  ( -43.00000000000000000, -3.469446951953614189E-15, 22.00000000000000355 ) ) ;
#830 = EDGE_LOOP ( 'NONE', ( #500, #2981, #2524, #1731 ) ) ;
#831 = ORIENTED_EDGE ( 'NONE', *, *, #667, .T. ) ;
#832 = ORIENTED_EDGE ( 'NONE', *, *, #2977, .F. ) ;
#833 = CARTESIAN_POINT ( 'NONE',  ( 43.00000000000000000, -27.25000000000000355, -22.00000000000000355 ) ) ;
#834 = CIRCLE ( 'NONE', #1100, 2.999999999999999112 ) ;
#835 = DIRECTION ( 'NONE',  ( 0.000000000000000000, 0.000000000000000000, 1.000000000000000000 ) ) ;
#836 = DIRECTION ( 'NONE',  ( 0.000000000000000000, 0.000000000000000000, -1.000000000000000000 ) ) ;
#837 = ORIENTED_EDGE ( 'NONE', *, *, #2984, .T. ) ;
#838 = FACE_OUTER_BOUND ( 'NONE', #3003, .T. ) ;
#839 = CARTESIAN_POINT ( 'NONE',  ( -30.00000000000000355, -27.25000000000027356, 3.142333204958820777E-13 ) ) ;
#840 = ORIENTED_EDGE ( 'NONE', *, *, #139, .F. ) ;
#841 = EDGE_CURVE ( 'NONE', #152, #246, #1917, .T. ) ;
#842 = DIRECTION ( 'NONE',  ( -1.000000000000000000, -0.000000000000000000, -3.491481338843133750E-15 ) ) ;
#843 = CARTESIAN_POINT ( 'NONE',  ( -35.00000000000000000, -80.00000000000000000, 35.00000000000000000 ) ) ;
#844 = CARTESIAN_POINT ( 'NONE',  ( 35.00000000000056133, -9.252067267179504135E-16, 52.84475796423711813 ) ) ;
#845 = VERTEX_POINT ( 'NONE', #382 ) ;
#846 = EDGE_LOOP ( 'NONE', ( #2569, #591, #1224, #505 ) ) ;
#847 = AXIS2_PLACEMENT_3D ( 'NONE', #2266, #1307, #1027 ) ;
#848 = CARTESIAN_POINT ( 'NONE',  ( -12.00000000000000178, 23.52164820158481007, -62.31670890631799153 ) ) ;
#849 =( BOUNDED_CURVE ( )  B_SPLINE_CURVE ( 3, ( #405, #229, #929, #716 ),
 .UNSPECIFIED., .F., .F. ) 
 B_SPLINE_CURVE_WITH_KNOTS ( ( 4, 4 ),
 ( 0.000000000000000000, 1.570796326794896780 ),
 .UNSPECIFIED. ) 
 CURVE ( )  GEOMETRIC_REPRESENTATION_ITEM ( )  RATIONAL_B_SPLINE_CURVE ( ( 1.000000000000000000, 0.8047378541243649375, 0.8047378541243649375, 1.000000000000000000 ) ) 
 REPRESENTATION_ITEM ( '' )  );
#850 = FACE_OUTER_BOUND ( 'NONE', #2218, .T. ) ;
#851 = ORIENTED_EDGE ( 'NONE', *, *, #2854, .T. ) ;
#852 = VECTOR ( 'NONE', #1357, 1000.000000000000000 ) ;
#853 = DIRECTION ( 'NONE',  ( 0.000000000000000000, -1.000000000000000000, 0.000000000000000000 ) ) ;
#854 = ORIENTED_EDGE ( 'NONE', *, *, #630, .T. ) ;
#855 = ADVANCED_FACE ( 'NONE', ( #906 ), #419, .F. ) ;
#856 = CARTESIAN_POINT ( 'NONE',  ( 7.837739514543060526E-15, -3.700826906871801654E-15, 64.00000000000000000 ) ) ;
#857 = LINE ( 'NONE', #2343, #2380 ) ;
#858 = AXIS2_PLACEMENT_3D ( 'NONE', #1227, #1712, #2208 ) ;
#859 = EDGE_LOOP ( 'NONE', ( #1642, #2291 ) ) ;
#860 = DIRECTION ( 'NONE',  ( 0.000000000000000000, 0.000000000000000000, -1.000000000000000000 ) ) ;
#861 = CARTESIAN_POINT ( 'NONE',  ( 34.99999999999985079, -27.25000000000000355, -42.99999999999997868 ) ) ;
#862 = LINE ( 'NONE', #878, #917 ) ;
#863 = CIRCLE ( 'NONE', #2938, 3.249999999999999556 ) ;
#864 = ORIENTED_EDGE ( 'NONE', *, *, #2716, .F. ) ;
#865 = EDGE_CURVE ( 'NONE', #471, #1692, #2581, .T. ) ;
#866 = DIRECTION ( 'NONE',  ( -1.000000000000000000, 0.000000000000000000, 0.000000000000000000 ) ) ;
#867 = CARTESIAN_POINT ( 'NONE',  ( 0.000000000000000000, 0.000000000000000000, 0.000000000000000000 ) ) ;
#868 = ORIENTED_EDGE ( 'NONE', *, *, #2496, .F. ) ;
#869 = ORIENTED_EDGE ( 'NONE', *, *, #3175, .F. ) ;
#870 =( BOUNDED_CURVE ( )  B_SPLINE_CURVE ( 3, ( #1524, #2261, #288, #2053 ),
 .UNSPECIFIED., .F., .F. ) 
 B_SPLINE_CURVE_WITH_KNOTS ( ( 4, 4 ),
 ( 0.000000000000000000, 1.570796326794896780 ),
 .UNSPECIFIED. ) 
 CURVE ( )  GEOMETRIC_REPRESENTATION_ITEM ( )  RATIONAL_B_SPLINE_CURVE ( ( 1.000000000000000000, 0.8047378541243649375, 0.8047378541243649375, 1.000000000000000000 ) ) 
 REPRESENTATION_ITEM ( '' )  );
#871 = FACE_BOUND ( 'NONE', #1097, .T. ) ;
#872 = AXIS2_PLACEMENT_3D ( 'NONE', #839, #2373, #1839 ) ;
#873 = CARTESIAN_POINT ( 'NONE',  ( -15.00000000000000355, -60.00000000000000000, 30.00000000000000000 ) ) ;
#874 = ORIENTED_EDGE ( 'NONE', *, *, #62, .F. ) ;
#875 = VECTOR ( 'NONE', #1316, 1000.000000000000000 ) ;
#876 = CYLINDRICAL_SURFACE ( 'NONE', #2965, 3.250000000000002665 ) ;
#877 = ADVANCED_FACE ( 'NONE', ( #651 ), #1663, .T. ) ;
#878 = CARTESIAN_POINT ( 'NONE',  ( -21.99999999999955236, -80.00000000000000000, 35.00000000000000000 ) ) ;
#879 = PLANE ( 'NONE',  #1310 ) ;
#880 = AXIS2_PLACEMENT_3D ( 'NONE', #821, #2560, #2576 ) ;
#881 = CARTESIAN_POINT ( 'NONE',  ( -35.00000000000000000, -80.00000000000000000, -35.00000000000000000 ) ) ;
#882 = EDGE_CURVE ( 'NONE', #1317, #1486, #2376, .T. ) ;
#883 = AXIS2_PLACEMENT_3D ( 'NONE', #2917, #228, #454 ) ;
#884 = DIRECTION ( 'NONE',  ( 0.000000000000000000, 1.000000000000000000, 0.000000000000000000 ) ) ;
#885 = ORIENTED_EDGE ( 'NONE', *, *, #2320, .T. ) ;
#886 = VERTEX_POINT ( 'NONE', #439 ) ;
#887 = AXIS2_PLACEMENT_3D ( 'NONE', #1064, #2061, #2439 ) ;
#888 = AXIS2_PLACEMENT_3D ( 'NONE', #423, #1196, #2191 ) ;
#889 = CARTESIAN_POINT ( 'NONE',  ( 29.99999999999999645, 0.000000000000000000, -30.00000000000000000 ) ) ;
#890 = CARTESIAN_POINT ( 'NONE',  ( -35.00000000000000000, -60.00000000000000000, -18.00000000000012434 ) ) ;
#891 = EDGE_LOOP ( 'NONE', ( #3148, #2647, #2798, #2325 ) ) ;
#892 = EDGE_CURVE ( 'NONE', #3036, #1474, #1442, .T. ) ;
#893 = VERTEX_POINT ( 'NONE', #1873 ) ;
#894 = CARTESIAN_POINT ( 'NONE',  ( 0.000000000000000000, 4.999999999999996447, 0.000000000000000000 ) ) ;
#895 = EDGE_CURVE ( 'NONE', #2986, #997, #1641, .T. ) ;
#896 = EDGE_CURVE ( 'NONE', #679, #18, #2000, .T. ) ;
#897 = VERTEX_POINT ( 'NONE', #2031 ) ;
#898 = DIRECTION ( 'NONE',  ( 0.000000000000000000, 1.000000000000000000, 0.000000000000000000 ) ) ;
#899 = CIRCLE ( 'NONE', #685, 3.000000000000000888 ) ;
#900 = DIRECTION ( 'NONE',  ( 0.000000000000000000, 0.000000000000000000, 1.000000000000000000 ) ) ;
#901 = DIRECTION ( 'NONE',  ( 1.000000000000000000, 0.000000000000000000, -0.000000000000000000 ) ) ;
#902 = EDGE_CURVE ( 'NONE', #1901, #2188, #1689, .T. ) ;
#903 = DIRECTION ( 'NONE',  ( 0.000000000000000000, 0.000000000000000000, -1.000000000000000000 ) ) ;
#904 = ORIENTED_EDGE ( 'NONE', *, *, #1847, .F. ) ;
#905 = VERTEX_POINT ( 'NONE', #2249 ) ;
#906 = FACE_OUTER_BOUND ( 'NONE', #287, .T. ) ;
#907 = CARTESIAN_POINT ( 'NONE',  ( 64.00000000000028422, -15.00000000000000000, -14.99999999999977618 ) ) ;
#908 = CARTESIAN_POINT ( 'NONE',  ( 0.000000000000000000, -80.00000000000000000, 0.000000000000000000 ) ) ;
#909 = CIRCLE ( 'NONE', #1750, 59.00000000000000000 ) ;
#910 = LINE ( 'NONE', #1430, #406 ) ;
#911 = EDGE_CURVE ( 'NONE', #189, #298, #2759, .T. ) ;
#912 = ORIENTED_EDGE ( 'NONE', *, *, #108, .F. ) ;
#913 = EDGE_LOOP ( 'NONE', ( #1281, #1591 ) ) ;
#914 = CARTESIAN_POINT ( 'NONE',  ( 35.00000000000000000, -27.25000000000000355, -1.222018468595096801E-13 ) ) ;
#915 = CYLINDRICAL_SURFACE ( 'NONE', #1495, 8.000000000000000000 ) ;
#916 = VERTEX_POINT ( 'NONE', #1254 ) ;
#917 = VECTOR ( 'NONE', #3063, 1000.000000000000000 ) ;
#918 = ORIENTED_EDGE ( 'NONE', *, *, #1292, .F. ) ;
#919 = AXIS2_PLACEMENT_3D ( 'NONE', #2004, #54, #1777 ) ;
#920 = DIRECTION ( 'NONE',  ( 0.000000000000000000, 0.000000000000000000, 1.000000000000000000 ) ) ;
#921 = EDGE_CURVE ( 'NONE', #1219, #1258, #690, .T. ) ;
#922 = DIRECTION ( 'NONE',  ( 1.000000000000000000, 0.000000000000000000, 0.000000000000000000 ) ) ;
#923 = ORIENTED_EDGE ( 'NONE', *, *, #2466, .F. ) ;
#924 = CARTESIAN_POINT ( 'NONE',  ( 38.31370849898476649, -65.14428268233959329, 30.00000000000001066 ) ) ;
#925 = ORIENTED_EDGE ( 'NONE', *, *, #1129, .T. ) ;
#926 = ORIENTED_EDGE ( 'NONE', *, *, #1670, .T. ) ;
#927 = ORIENTED_EDGE ( 'NONE', *, *, #1499, .T. ) ;
#928 = DIRECTION ( 'NONE',  ( 0.000000000000000000, 1.000000000000000000, 0.000000000000000000 ) ) ;
#929 = CARTESIAN_POINT ( 'NONE',  ( 29.99999999999986500, -65.14428268233996278, -38.31370849898479491 ) ) ;
#930 = EDGE_LOOP ( 'NONE', ( #195, #660, #347, #2416, #1655, #2193, #116 ) ) ;
#931 = VECTOR ( 'NONE', #1626, 1000.000000000000000 ) ;
#932 = VERTEX_POINT ( 'NONE', #2722 ) ;
#933 = CARTESIAN_POINT ( 'NONE',  ( -35.00000000000000000, 0.000000000000000000, -35.00000000000000000 ) ) ;
#934 = DIRECTION ( 'NONE',  ( 0.000000000000000000, 0.000000000000000000, 1.000000000000000000 ) ) ;
#935 = CARTESIAN_POINT ( 'NONE',  ( 0.000000000000000000, 4.999999999999996447, 49.10000000000000142 ) ) ;
#936 = DIRECTION ( 'NONE',  ( -1.000000000000000000, -0.000000000000000000, -3.491481338843133750E-15 ) ) ;
#937 = CARTESIAN_POINT ( 'NONE',  ( 64.00000000000017053, -60.00000000000000000, 15.00000000000022737 ) ) ;
#938 = ORIENTED_EDGE ( 'NONE', *, *, #2118, .F. ) ;
#939 = ORIENTED_EDGE ( 'NONE', *, *, #511, .T. ) ;
#940 = PRODUCT_DEFINITION_CONTEXT ( 'detailed design', #1631, 'design' ) ;
#941 = ORIENTED_EDGE ( 'NONE', *, *, #3104, .T. ) ;
#942 = VERTEX_POINT ( 'NONE', #2782 ) ;
#943 = ORIENTED_EDGE ( 'NONE', *, *, #1832, .T. ) ;
#944 = ADVANCED_FACE ( 'NONE', ( #255 ), #3, .F. ) ;
#945 = LINE ( 'NONE', #1672, #2341 ) ;
#946 = CARTESIAN_POINT ( 'NONE',  ( 37.34314575050748175, -69.49542154529254390, -37.34314575050761675 ) ) ;
#947 = AXIS2_PLACEMENT_3D ( 'NONE', #937, #1935, #1447 ) ;
#948 = ORIENTED_EDGE ( 'NONE', *, *, #980, .F. ) ;
#949 = CARTESIAN_POINT ( 'NONE',  ( -1.845064862878172543E-13, -1.850413453435900827E-15, -52.84475796423749472 ) ) ;
#950 = LINE ( 'NONE', #1952, #1070 ) ;
#951 = CARTESIAN_POINT ( 'NONE',  ( 12.00000000000000178, 25.30030801751151159, -60.08871009362381699 ) ) ;
#952 = CYLINDRICAL_SURFACE ( 'NONE', #1527, 3.000000000000002665 ) ;
#953 = AXIS2_PLACEMENT_3D ( 'NONE', #2295, #2990, #1776 ) ;
#954 = ORIENTED_EDGE ( 'NONE', *, *, #1616, .T. ) ;
#955 = CARTESIAN_POINT ( 'NONE',  ( -42.52184732581581983, 0.000000000000000000, -24.55000000000019611 ) ) ;
#956 = EDGE_CURVE ( 'NONE', #1682, #1634, #295, .T. ) ;
#957 = EDGE_CURVE ( 'NONE', #1992, #1833, #3039, .T. ) ;
#958 = ORIENTED_EDGE ( 'NONE', *, *, #2220, .T. ) ;
#959 = VERTEX_POINT ( 'NONE', #994 ) ;
#960 = FACE_BOUND ( 'NONE', #1380, .T. ) ;
#961 = EDGE_CURVE ( 'NONE', #2904, #1279, #2011, .T. ) ;
#962 = CARTESIAN_POINT ( 'NONE',  ( 35.00000000000000000, -80.00000000000000000, -35.00000000000000000 ) ) ;
#963 = B_SPLINE_CURVE_WITH_KNOTS ( 'NONE', 3,
 ( #127, #2107, #3070, #3111, #848, #1818, #2814, #572, #369, #2860, #2306, #2337, #1082, #614, #506, #1099 ),
 .UNSPECIFIED., .F., .F.,
 ( 4, 2, 2, 2, 2, 2, 2, 4 ),
 ( 0.02410647790778906036, 0.02568371536948541728, 0.02647233410033360268, 0.02726095283118179155, 0.02804957156202997695, 0.02883819029287816235, 0.02962680902372635122, 0.03041542775457453662 ),
 .UNSPECIFIED. ) ;
#964 = VERTEX_POINT ( 'NONE', #517 ) ;
#965 = VERTEX_POINT ( 'NONE', #237 ) ;
#966 = CARTESIAN_POINT ( 'NONE',  ( -37.34314575050742491, -69.49542154529278548, 37.34314575050782281 ) ) ;
#967 = CARTESIAN_POINT ( 'NONE',  ( -30.00000000000000355, 0.000000000000000000, 30.00000000000000000 ) ) ;
#968 = CARTESIAN_POINT ( 'NONE',  ( 0.000000000000000000, -1.850413453435900827E-15, 30.00000000000000355 ) ) ;
#969 =( BOUNDED_CURVE ( )  B_SPLINE_CURVE ( 3, ( #1939, #676, #924, #397 ),
 .UNSPECIFIED., .F., .F. ) 
 B_SPLINE_CURVE_WITH_KNOTS ( ( 4, 4 ),
 ( 0.000000000000000000, 1.570796326794896780 ),
 .UNSPECIFIED. ) 
 CURVE ( )  GEOMETRIC_REPRESENTATION_ITEM ( )  RATIONAL_B_SPLINE_CURVE ( ( 1.000000000000000000, 0.8047378541243649375, 0.8047378541243649375, 1.000000000000000000 ) ) 
 REPRESENTATION_ITEM ( '' )  );
#970 = ADVANCED_FACE ( 'NONE', ( #1272 ), #23, .F. ) ;
#971 = DIRECTION ( 'NONE',  ( 0.000000000000000000, 0.000000000000000000, -1.000000000000000000 ) ) ;
#972 = DIRECTION ( 'NONE',  ( 0.000000000000000000, -1.000000000000000000, 0.000000000000000000 ) ) ;
#973 = LINE ( 'NONE', #1973, #2361 ) ;
#974 = VECTOR ( 'NONE', #2866, 1000.000000000000000 ) ;
#975 = CARTESIAN_POINT ( 'NONE',  ( -15.00000000000000355, -60.00000000000000000, -64.00000000000000000 ) ) ;
#976 = VERTEX_POINT ( 'NONE', #1028 ) ;
#977 = CARTESIAN_POINT ( 'NONE',  ( -30.00000000000000355, 0.000000000000000000, 30.00000000000000000 ) ) ;
#978 = ORIENTED_EDGE ( 'NONE', *, *, #2245, .F. ) ;
#979 = ORIENTED_EDGE ( 'NONE', *, *, #1832, .F. ) ;
#980 = EDGE_CURVE ( 'NONE', #2833, #2681, #286, .T. ) ;
#981 = FACE_OUTER_BOUND ( 'NONE', #2455, .T. ) ;
#982 = AXIS2_PLACEMENT_3D ( 'NONE', #2082, #2511, #3040 ) ;
#983 = ORIENTED_EDGE ( 'NONE', *, *, #555, .F. ) ;
#984 = ORIENTED_EDGE ( 'NONE', *, *, #476, .T. ) ;
#985 = DIRECTION ( 'NONE',  ( 1.000000000000000000, 0.000000000000000000, 0.000000000000000000 ) ) ;
#986 = DIRECTION ( 'NONE',  ( 0.000000000000000000, 0.000000000000000000, 1.000000000000000000 ) ) ;
#987 = EDGE_CURVE ( 'NONE', #2601, #3142, #2476, .T. ) ;
#988 = AXIS2_PLACEMENT_3D ( 'NONE', #1401, #2898, #629 ) ;
#989 = AXIS2_PLACEMENT_3D ( 'NONE', #1715, #1906, #2444 ) ;
#990 = DIRECTION ( 'NONE',  ( 0.000000000000000000, -1.000000000000000000, 0.000000000000000000 ) ) ;
#991 = FACE_OUTER_BOUND ( 'NONE', #2309, .T. ) ;
#992 = CARTESIAN_POINT ( 'NONE',  ( 30.00000000000000355, -27.25000000000082778, -3.142333204958820777E-13 ) ) ;
#993 = FACE_OUTER_BOUND ( 'NONE', #554, .T. ) ;
#994 = CARTESIAN_POINT ( 'NONE',  ( 35.00000000000000000, -15.00000000000000000, -11.99999999999987566 ) ) ;
#995 = EDGE_CURVE ( 'NONE', #1375, #2818, #481, .T. ) ;
#996 = DIRECTION ( 'NONE',  ( -1.000000000000000000, 0.000000000000000000, 0.000000000000000000 ) ) ;
#997 = VERTEX_POINT ( 'NONE', #2229 ) ;
#998 = EDGE_LOOP ( 'NONE', ( #3223, #1387, #2522, #2925 ) ) ;
#999 = EDGE_LOOP ( 'NONE', ( #2203, #2014, #1333, #1887 ) ) ;
#1000 = CARTESIAN_POINT ( 'NONE',  ( 0.000000000000000000, 0.000000000000000000, 52.35000000000000853 ) ) ;
#1001 = ORIENTED_EDGE ( 'NONE', *, *, #987, .F. ) ;
#1002 = DIRECTION ( 'NONE',  ( 0.000000000000000000, 0.000000000000000000, 1.000000000000000000 ) ) ;
#1003 = DIRECTION ( 'NONE',  ( 0.000000000000000000, 0.000000000000000000, -1.000000000000000000 ) ) ;
#1004 = CARTESIAN_POINT ( 'NONE',  ( -35.00000000000000000, 0.000000000000000000, 35.00000000000000000 ) ) ;
#1005 = CIRCLE ( 'NONE', #2835, 3.000000000000000888 ) ;
#1006 = PRODUCT_DEFINITION_FORMATION_WITH_SPECIFIED_SOURCE ( 'ä»', '', #1994, .NOT_KNOWN. ) ;
#1007 = CARTESIAN_POINT ( 'NONE',  ( -38.31370849898477360, -65.14428268233959329, 30.00000000000000355 ) ) ;
#1008 = DIRECTION ( 'NONE',  ( -0.000000000000000000, -1.000000000000000000, -0.000000000000000000 ) ) ;
#1009 = LINE ( 'NONE', #1078, #330 ) ;
#1010 = AXIS2_PLACEMENT_3D ( 'NONE', #1784, #1517, #2518 ) ;
#1011 = EDGE_CURVE ( 'NONE', #576, #942, #2978, .T. ) ;
#1012 = DIRECTION ( 'NONE',  ( 0.000000000000000000, 0.000000000000000000, 1.000000000000000000 ) ) ;
#1013 = ORIENTED_EDGE ( 'NONE', *, *, #643, .F. ) ;
#1014 = VECTOR ( 'NONE', #268, 1000.000000000000000 ) ;
#1015 = ORIENTED_EDGE ( 'NONE', *, *, #2806, .T. ) ;
#1016 = CARTESIAN_POINT ( 'NONE',  ( 30.00000000000055778, -9.252067267179504135E-16, 52.84475796423717497 ) ) ;
#1017 = ADVANCED_FACE ( 'NONE', ( #2736 ), #1967, .F. ) ;
#1018 = CARTESIAN_POINT ( 'NONE',  ( -35.00000000000000000, -80.00000000000000000, 35.00000000000000000 ) ) ;
#1019 = ORIENTED_EDGE ( 'NONE', *, *, #1573, .F. ) ;
#1020 = CARTESIAN_POINT ( 'NONE',  ( -15.00000000000000000, -15.00000000000000000, -35.00000000000000000 ) ) ;
#1021 = LINE ( 'NONE', #546, #1014 ) ;
#1022 = CARTESIAN_POINT ( 'NONE',  ( -35.00000000000012790, -80.00000000000000000, -34.99999999999987921 ) ) ;
#1023 = DIRECTION ( 'NONE',  ( -0.000000000000000000, -1.000000000000000000, -0.000000000000000000 ) ) ;
#1024 = DIRECTION ( 'NONE',  ( -0.000000000000000000, -1.000000000000000000, -0.000000000000000000 ) ) ;
#1025 = CARTESIAN_POINT ( 'NONE',  ( -18.00000000000000355, -60.00000000000000000, -64.00000000000000000 ) ) ;
#1026 = DIRECTION ( 'NONE',  ( -0.000000000000000000, 0.000000000000000000, -1.000000000000000000 ) ) ;
#1027 = DIRECTION ( 'NONE',  ( 0.000000000000000000, 0.000000000000000000, 1.000000000000000000 ) ) ;
#1028 = CARTESIAN_POINT ( 'NONE',  ( -43.00000000000000000, -44.13512577292345185, -30.00000000000000355 ) ) ;
#1029 = CIRCLE ( 'NONE', #2839, 2.999999999999999112 ) ;
#1030 = LINE ( 'NONE', #977, #2179 ) ;
#1031 = ORIENTED_EDGE ( 'NONE', *, *, #2489, .F. ) ;
#1032 = VECTOR ( 'NONE', #1648, 1000.000000000000000 ) ;
#1033 = ORIENTED_EDGE ( 'NONE', *, *, #3124, .T. ) ;
#1034 = EDGE_CURVE ( 'NONE', #231, #1071, #2006, .T. ) ;
#1035 = ORIENTED_EDGE ( 'NONE', *, *, #2013, .F. ) ;
#1036 = AXIS2_PLACEMENT_3D ( 'NONE', #2020, #3035, #1789 ) ;
#1037 = EDGE_CURVE ( 'NONE', #2930, #603, #2939, .T. ) ;
#1038 = CARTESIAN_POINT ( 'NONE',  ( 15.00000000000000000, -15.00000000000000000, 30.00000000000000000 ) ) ;
#1039 = ORIENTED_EDGE ( 'NONE', *, *, #987, .T. ) ;
#1040 = AXIS2_PLACEMENT_3D ( 'NONE', #761, #2755, #219 ) ;
#1041 = FACE_OUTER_BOUND ( 'NONE', #3187, .T. ) ;
#1042 = DIRECTION ( 'NONE',  ( -0.000000000000000000, -1.000000000000000000, -0.000000000000000000 ) ) ;
#1043 = DIRECTION ( 'NONE',  ( -0.000000000000000000, -1.000000000000000000, -0.000000000000000000 ) ) ;
#1044 = AXIS2_PLACEMENT_3D ( 'NONE', #889, #2622, #375 ) ;
#1045 = VECTOR ( 'NONE', #24, 1000.000000000000000 ) ;
#1046 = DIRECTION ( 'NONE',  ( -0.000000000000000000, -0.000000000000000000, 1.000000000000000000 ) ) ;
#1047 = CARTESIAN_POINT ( 'NONE',  ( -30.00000000000000000, -15.00000000000000000, -15.00000000000010303 ) ) ;
#1048 = FACE_OUTER_BOUND ( 'NONE', #846, .T. ) ;
#1049 = DIRECTION ( 'NONE',  ( 0.000000000000000000, 0.000000000000000000, 1.000000000000000000 ) ) ;
#1050 = CIRCLE ( 'NONE', #2506, 3.000000000000000888 ) ;
#1051 = DIRECTION ( 'NONE',  ( 0.000000000000000000, 0.000000000000000000, -1.000000000000000000 ) ) ;
#1052 = ORIENTED_EDGE ( 'NONE', *, *, #957, .T. ) ;
#1053 = VERTEX_POINT ( 'NONE', #200 ) ;
#1054 = CARTESIAN_POINT ( 'NONE',  ( -35.82280336819486877, -62.67956050482300867, -38.86348813282053527 ) ) ;
#1055 = ORIENTED_EDGE ( 'NONE', *, *, #2132, .F. ) ;
#1056 = EDGE_LOOP ( 'NONE', ( #61, #209, #320, #1949, #938, #927, #1751 ) ) ;
#1057 = DIRECTION ( 'NONE',  ( -0.000000000000000000, 0.000000000000000000, 1.000000000000000000 ) ) ;
#1058 = CARTESIAN_POINT ( 'NONE',  ( -52.84475796423749472, -1.850413453435900827E-15, 0.000000000000000000 ) ) ;
#1059 = CARTESIAN_POINT ( 'NONE',  ( 64.00000000000029843, -15.00000000000000000, -17.99999999999977618 ) ) ;
#1060 = PLANE ( 'NONE',  #2510 ) ;
#1061 = FACE_OUTER_BOUND ( 'NONE', #2691, .T. ) ;
#1062 = CARTESIAN_POINT ( 'NONE',  ( -30.00000000000015277, -1.850413453435900827E-15, -42.99999999999997868 ) ) ;
#1063 = CARTESIAN_POINT ( 'NONE',  ( 35.00000000000000000, 0.000000000000000000, -35.00000000000000000 ) ) ;
#1064 = CARTESIAN_POINT ( 'NONE',  ( -30.00000000000000000, -15.00000000000000000, -15.00000000000010303 ) ) ;
#1065 = ORIENTED_EDGE ( 'NONE', *, *, #2868, .T. ) ;
#1066 = VERTEX_POINT ( 'NONE', #2894 ) ;
#1067 = LINE ( 'NONE', #1346, #615 ) ;
#1068 = EDGE_CURVE ( 'NONE', #2930, #1145, #2668, .T. ) ;
#1069 = LINE ( 'NONE', #817, #353 ) ;
#1070 = VECTOR ( 'NONE', #920, 1000.000000000000000 ) ;
#1071 = VERTEX_POINT ( 'NONE', #420 ) ;
#1072 = EDGE_CURVE ( 'NONE', #1563, #3153, #639, .T. ) ;
#1073 = CARTESIAN_POINT ( 'NONE',  ( -35.00000000000015632, -1.850413453435900827E-15, -43.00000000000002842 ) ) ;
#1074 = FACE_BOUND ( 'NONE', #2417, .T. ) ;
#1075 = ORIENTED_EDGE ( 'NONE', *, *, #1118, .T. ) ;
#1076 = CARTESIAN_POINT ( 'NONE',  ( 22.00000000000045475, -27.25000000000082778, 43.00000000000000000 ) ) ;
#1077 = DIRECTION ( 'NONE',  ( 1.022320087969060479E-14, -0.2177091034974870110, 0.9760137018783704432 ) ) ;
#1078 = CARTESIAN_POINT ( 'NONE',  ( 0.000000000000000000, 0.000000000000000000, -64.00000000000000000 ) ) ;
#1079 = DIRECTION ( 'NONE',  ( 0.000000000000000000, 0.000000000000000000, -1.000000000000000000 ) ) ;
#1080 = ORIENTED_EDGE ( 'NONE', *, *, #555, .T. ) ;
#1081 = ORIENTED_EDGE ( 'NONE', *, *, #2474, .F. ) ;
#1082 = CARTESIAN_POINT ( 'NONE',  ( -12.00000000000000178, 25.37548761987297752, -59.83204943269193166 ) ) ;
#1083 = CARTESIAN_POINT ( 'NONE',  ( 22.00000000000045119, -80.00000000000000000, 35.00000000000000000 ) ) ;
#1085 = EDGE_CURVE ( 'NONE', #2818, #329, #1933, .T. ) ;
#1084 = VECTOR ( 'NONE', #2168, 1000.000000000000000 ) ;
#1086 = ORIENTED_EDGE ( 'NONE', *, *, #2293, .T. ) ;
#1087 = VERTEX_POINT ( 'NONE', #2190 ) ;
#1088 = CARTESIAN_POINT ( 'NONE',  ( 12.00000000000000355, -60.00000000000000000, -35.00000000000000000 ) ) ;
#1089 = DIRECTION ( 'NONE',  ( -0.000000000000000000, -0.000000000000000000, -1.000000000000000000 ) ) ;
#1090 = ORIENTED_EDGE ( 'NONE', *, *, #1625, .T. ) ;
#1091 = EDGE_CURVE ( 'NONE', #2858, #1725, #2684, .T. ) ;
#1092 = AXIS2_PLACEMENT_3D ( 'NONE', #1104, #2609, #2371 ) ;
#1093 = CARTESIAN_POINT ( 'NONE',  ( 7.837739514543060526E-15, 0.000000000000000000, 64.00000000000000000 ) ) ;
#1094 = LINE ( 'NONE', #1373, #1345 ) ;
#1095 = ORIENTED_EDGE ( 'NONE', *, *, #2109, .F. ) ;
#1096 = AXIS2_PLACEMENT_3D ( 'NONE', #2657, #2194, #1643 ) ;
#1097 = EDGE_LOOP ( 'NONE', ( #939, #2383 ) ) ;
#1098 = ADVANCED_FACE ( 'NONE', ( #1426 ), #721, .F. ) ;
#1099 = CARTESIAN_POINT ( 'NONE',  ( -12.00000000000000000, 25.49999999999999645, -58.78775382679624073 ) ) ;
#1100 = AXIS2_PLACEMENT_3D ( 'NONE', #2897, #2028, #515 ) ;
#1101 = LINE ( 'NONE', #2572, #1765 ) ;
#1102 = ORIENTED_EDGE ( 'NONE', *, *, #2773, .F. ) ;
#1103 = ORIENTED_EDGE ( 'NONE', *, *, #865, .T. ) ;
#1104 = CARTESIAN_POINT ( 'NONE',  ( 64.00000000000028422, -60.00000000000000000, -14.99999999999977973 ) ) ;
#1105 = LINE ( 'NONE', #1369, #1032 ) ;
#1106 = ORIENTED_EDGE ( 'NONE', *, *, #340, .F. ) ;
#1107 = EDGE_LOOP ( 'NONE', ( #3114, #2437 ) ) ;
#1108 = EDGE_CURVE ( 'NONE', #246, #1087, #2651, .T. ) ;
#1109 = CARTESIAN_POINT ( 'NONE',  ( 35.00000000000045475, -44.13512577292143391, 43.00000000000008527 ) ) ;
#1110 = CARTESIAN_POINT ( 'NONE',  ( 35.00000000000036948, -80.00000000000000000, 34.99999999999963762 ) ) ;
#1111 = EDGE_LOOP ( 'NONE', ( #1199, #1773, #874, #1704 ) ) ;
#1112 = CIRCLE ( 'NONE', #2310, 3.250000000000002665 ) ;
#1113 = DIRECTION ( 'NONE',  ( -0.000000000000000000, -1.000000000000000000, -0.000000000000000000 ) ) ;
#1114 = DIRECTION ( 'NONE',  ( 0.000000000000000000, 1.000000000000000000, 0.000000000000000000 ) ) ;
#1115 = ORIENTED_EDGE ( 'NONE', *, *, #619, .T. ) ;
#1116 = AXIS2_PLACEMENT_3D ( 'NONE', #1842, #1811, #1569 ) ;
#1117 = EDGE_LOOP ( 'NONE', ( #799, #1675, #1237, #1703 ) ) ;
#1118 = EDGE_CURVE ( 'NONE', #238, #1486, #1900, .T. ) ;
#1119 = CARTESIAN_POINT ( 'NONE',  ( -35.00000000000015632, -44.13512577292276973, -43.00000000000002842 ) ) ;
#1120 = CARTESIAN_POINT ( 'NONE',  ( 43.00000000000045475, -80.00000000000000000, 35.00000000000000000 ) ) ;
#1121 = AXIS2_PLACEMENT_3D ( 'NONE', #2441, #2907, #3143 ) ;
#1122 = ORIENTED_EDGE ( 'NONE', *, *, #2372, .T. ) ;
#1123 = DIRECTION ( 'NONE',  ( 1.000000000000000000, 0.000000000000000000, 0.000000000000000000 ) ) ;
#1124 = FACE_OUTER_BOUND ( 'NONE', #2066, .T. ) ;
#1125 = EDGE_CURVE ( 'NONE', #400, #152, #1727, .T. ) ;
#1126 = AXIS2_PLACEMENT_3D ( 'NONE', #3046, #1077, #3080 ) ;
#1127 = ORIENTED_EDGE ( 'NONE', *, *, #1749, .F. ) ;
#1128 = CARTESIAN_POINT ( 'NONE',  ( 29.99999999999999645, -80.00000000000000000, -30.00000000000000000 ) ) ;
#1129 = EDGE_CURVE ( 'NONE', #2047, #130, #1537, .T. ) ;
#1130 = CARTESIAN_POINT ( 'NONE',  ( 0.000000000000000000, -1.850413453435900827E-15, 0.000000000000000000 ) ) ;
#1131 = ORIENTED_EDGE ( 'NONE', *, *, #1929, .T. ) ;
#1132 = VERTEX_POINT ( 'NONE', #1163 ) ;
#1133 = VECTOR ( 'NONE', #1927, 1000.000000000000000 ) ;
#1134 = CARTESIAN_POINT ( 'NONE',  ( 35.00000000000000000, -80.00000000000000000, 30.00000000000000355 ) ) ;
#1135 = ORIENTED_EDGE ( 'NONE', *, *, #1403, .T. ) ;
#1136 = EDGE_CURVE ( 'NONE', #2904, #1242, #1593, .T. ) ;
#1137 = ORIENTED_EDGE ( 'NONE', *, *, #1885, .F. ) ;
#1138 = VECTOR ( 'NONE', #319, 1000.000000000000000 ) ;
#1139 = FACE_BOUND ( 'NONE', #1238, .T. ) ;
#1140 = CYLINDRICAL_SURFACE ( 'NONE', #2038, 3.000000000000000888 ) ;
#1141 = AXIS2_PLACEMENT_3D ( 'NONE', #2914, #1683, #296 ) ;
#1142 = ORIENTED_EDGE ( 'NONE', *, *, #3069, .F. ) ;
#1143 = VERTEX_POINT ( 'NONE', #1210 ) ;
#1144 = CARTESIAN_POINT ( 'NONE',  ( 15.00000000000000000, -15.00000000000000000, -35.00000000000000000 ) ) ;
#1145 = VERTEX_POINT ( 'NONE', #3197 ) ;
#1146 = CARTESIAN_POINT ( 'NONE',  ( 35.00000000000000000, -80.00000000000000000, -35.00000000000000000 ) ) ;
#1147 = CARTESIAN_POINT ( 'NONE',  ( 15.00000000000000000, -15.00000000000000000, 35.00000000000000000 ) ) ;
#1148 = DIRECTION ( 'NONE',  ( -1.000000000000000000, -0.000000000000000000, -3.491481338843133750E-15 ) ) ;
#1149 = DIRECTION ( 'NONE',  ( 0.000000000000000000, 0.000000000000000000, 1.000000000000000000 ) ) ;
#1150 = CIRCLE ( 'NONE', #3179, 3.249999999999999556 ) ;
#1151 = ORIENTED_EDGE ( 'NONE', *, *, #911, .F. ) ;
#1152 =( GEOMETRIC_REPRESENTATION_CONTEXT ( 3 ) GLOBAL_UNCERTAINTY_ASSIGNED_CONTEXT ( ( #710 ) ) GLOBAL_UNIT_ASSIGNED_CONTEXT ( ( #1657, #2690, #451 ) ) REPRESENTATION_CONTEXT ( 'NONE', 'WORKASPACE' ) );
#1153 = ORIENTED_EDGE ( 'NONE', *, *, #1068, .F. ) ;
#1154 = EDGE_CURVE ( 'NONE', #1439, #897, #950, .T. ) ;
#1155 = FACE_BOUND ( 'NONE', #379, .T. ) ;
#1156 = DIRECTION ( 'NONE',  ( -0.2177091034974870110, 0.9760137018783704432, 0.000000000000000000 ) ) ;
#1157 = VECTOR ( 'NONE', #463, 1000.000000000000000 ) ;
#1158 = CARTESIAN_POINT ( 'NONE',  ( 38.86348813282037895, -62.67956050482427344, -35.82280336819471955 ) ) ;
#1159 = ORIENTED_EDGE ( 'NONE', *, *, #2162, .F. ) ;
#1160 = ORIENTED_EDGE ( 'NONE', *, *, #503, .F. ) ;
#1161 = EDGE_CURVE ( 'NONE', #1371, #2217, #1385, .T. ) ;
#1162 = DIRECTION ( 'NONE',  ( -0.000000000000000000, 1.000000000000000000, -0.000000000000000000 ) ) ;
#1163 = CARTESIAN_POINT ( 'NONE',  ( 30.00000000000000000, -15.00000000000000000, 12.00000000000010481 ) ) ;
#1164 = LINE ( 'NONE', #2908, #2683 ) ;
#1165 = FACE_OUTER_BOUND ( 'NONE', #436, .T. ) ;
#1166 = CARTESIAN_POINT ( 'NONE',  ( -40.84991118348262518, -53.77420889560337969, -35.00000000000000000 ) ) ;
#1167 = CARTESIAN_POINT ( 'NONE',  ( 0.000000000000000000, 4.999999999999996447, 0.000000000000000000 ) ) ;
#1168 = CARTESIAN_POINT ( 'NONE',  ( 18.00000000000000355, -60.00000000000000000, -64.00000000000000000 ) ) ;
#1169 = ORIENTED_EDGE ( 'NONE', *, *, #1605, .T. ) ;
#1170 = EDGE_LOOP ( 'NONE', ( #2503, #2574, #343, #1658 ) ) ;
#1171 = CARTESIAN_POINT ( 'NONE',  ( 52.84475796423749472, -1.850413453435900827E-15, 0.000000000000000000 ) ) ;
#1172 = LINE ( 'NONE', #2889, #1084 ) ;
#1173 = ORIENTED_EDGE ( 'NONE', *, *, #1889, .T. ) ;
#1174 = ORIENTED_EDGE ( 'NONE', *, *, #1400, .F. ) ;
#1175 = CARTESIAN_POINT ( 'NONE',  ( -35.00000000000000000, -15.00000000000000000, 14.99999999999987743 ) ) ;
#1176 = AXIS2_PLACEMENT_3D ( 'NONE', #2041, #1824, #2531 ) ;
#1177 =( BOUNDED_CURVE ( )  B_SPLINE_CURVE ( 3, ( #655, #1166, #1214, #1972 ),
 .UNSPECIFIED., .F., .F. ) 
 B_SPLINE_CURVE_WITH_KNOTS ( ( 4, 4 ),
 ( 4.712388980384689674, 5.497787143782139729 ),
 .UNSPECIFIED. ) 
 CURVE ( )  GEOMETRIC_REPRESENTATION_ITEM ( )  RATIONAL_B_SPLINE_CURVE ( ( 1.000000000000000000, 0.9492530216741910110, 0.9492530216741910110, 1.000000000000000000 ) ) 
 REPRESENTATION_ITEM ( '' )  );
#1178 = CARTESIAN_POINT ( 'NONE',  ( -15.00000000000000355, -60.00000000000000000, 35.00000000000000000 ) ) ;
#1179 = CIRCLE ( 'NONE', #2552, 3.000000000000002665 ) ;
#1180 = CYLINDRICAL_SURFACE ( 'NONE', #888, 3.000000000000000888 ) ;
#1181 = EDGE_CURVE ( 'NONE', #1132, #2451, #593, .T. ) ;
#1182 = VERTEX_POINT ( 'NONE', #1664 ) ;
#1183 = CARTESIAN_POINT ( 'NONE',  ( 64.00000000000028422, -15.00000000000000000, -14.99999999999977618 ) ) ;
#1184 = VECTOR ( 'NONE', #3056, 1000.000000000000000 ) ;
#1185 = EDGE_CURVE ( 'NONE', #2464, #1322, #1918, .T. ) ;
#1186 = VERTEX_POINT ( 'NONE', #670 ) ;
#1187 = ORIENTED_EDGE ( 'NONE', *, *, #715, .T. ) ;
#1188 = CARTESIAN_POINT ( 'NONE',  ( -18.00000000000000355, -60.00000000000000000, 30.00000000000000000 ) ) ;
#1189 = CIRCLE ( 'NONE', #2764, 3.250000000000002665 ) ;
#1190 = DIRECTION ( 'NONE',  ( 0.2177091034974870110, 0.9760137018783704432, 0.000000000000000000 ) ) ;
#1191 = AXIS2_PLACEMENT_3D ( 'NONE', #1566, #2564, #325 ) ;
#1192 = ORIENTED_EDGE ( 'NONE', *, *, #2377, .T. ) ;
#1193 = LINE ( 'NONE', #2749, #279 ) ;
#1194 = CARTESIAN_POINT ( 'NONE',  ( -43.00000000000000000, -27.25000000000027356, 35.00000000000000000 ) ) ;
#1195 = EDGE_CURVE ( 'NONE', #2464, #603, #1678, .T. ) ;
#1196 = DIRECTION ( 'NONE',  ( -1.000000000000000000, -0.000000000000000000, -3.491481338843133750E-15 ) ) ;
#1197 = DIRECTION ( 'NONE',  ( -0.000000000000000000, 1.000000000000000000, -0.000000000000000000 ) ) ;
#1198 = ADVANCED_FACE ( 'NONE', ( #3025 ), #491, .F. ) ;
#1199 = ORIENTED_EDGE ( 'NONE', *, *, #1652, .F. ) ;
#1200 = APPLICATION_PROTOCOL_DEFINITION ( 'draft international standard', 'automotive_design', 1998, #1631 ) ;
#1201 = ORIENTED_EDGE ( 'NONE', *, *, #956, .T. ) ;
#1202 = ORIENTED_EDGE ( 'NONE', *, *, #2489, .T. ) ;
#1203 = CARTESIAN_POINT ( 'NONE',  ( 18.00000000000000355, -60.00000000000000000, -30.00000000000000000 ) ) ;
#1204 = CARTESIAN_POINT ( 'NONE',  ( 35.82280336819458455, -62.67956050482427344, -38.86348813282051395 ) ) ;
#1205 = VERTEX_POINT ( 'NONE', #792 ) ;
#1206 = EDGE_CURVE ( 'NONE', #1258, #1572, #1021, .T. ) ;
#1207 = VERTEX_POINT ( 'NONE', #2804 ) ;
#1208 = DIRECTION ( 'NONE',  ( 1.000000000000000000, 0.000000000000000000, 0.000000000000000000 ) ) ;
#1209 = PLANE ( 'NONE',  #374 ) ;
#1210 = CARTESIAN_POINT ( 'NONE',  ( 30.00000000000045475, -44.13512577292241446, 42.99999999999992184 ) ) ;
#1211 = VECTOR ( 'NONE', #2538, 1000.000000000000000 ) ;
#1212 = CARTESIAN_POINT ( 'NONE',  ( -35.00000000000000000, -80.00000000000000000, 22.00000000000000711 ) ) ;
#1213 = DIRECTION ( 'NONE',  ( -0.000000000000000000, 1.000000000000000000, -0.000000000000000000 ) ) ;
#1214 = CARTESIAN_POINT ( 'NONE',  ( -38.86348813282065606, -62.67956050482300157, -35.82280336819473376 ) ) ;
#1215 = EDGE_CURVE ( 'NONE', #428, #737, #248, .T. ) ;
#1216 = AXIS2_PLACEMENT_3D ( 'NONE', #2155, #1443, #2477 ) ;
#1217 = DIRECTION ( 'NONE',  ( -1.000000000000000000, 0.000000000000000000, -0.000000000000000000 ) ) ;
#1218 = LINE ( 'NONE', #3183, #2909 ) ;
#1219 = VERTEX_POINT ( 'NONE', #2545 ) ;
#1220 = ORIENTED_EDGE ( 'NONE', *, *, #548, .T. ) ;
#1221 = FACE_OUTER_BOUND ( 'NONE', #2222, .T. ) ;
#1222 = EDGE_CURVE ( 'NONE', #2139, #1293, #1649, .T. ) ;
#1223 = CYLINDRICAL_SURFACE ( 'NONE', #654, 3.000000000000000888 ) ;
#1224 = ORIENTED_EDGE ( 'NONE', *, *, #957, .F. ) ;
#1225 = FACE_OUTER_BOUND ( 'NONE', #2982, .T. ) ;
#1226 = FACE_BOUND ( 'NONE', #501, .T. ) ;
#1227 = CARTESIAN_POINT ( 'NONE',  ( 30.00000000000000000, -15.00000000000000000, 15.00000000000010481 ) ) ;
#1228 = EDGE_CURVE ( 'NONE', #28, #3023, #72, .T. ) ;
#1229 = CARTESIAN_POINT ( 'NONE',  ( -26.68629150101537562, -79.99999999999957367, -35.00000000000000000 ) ) ;
#1230 = DIRECTION ( 'NONE',  ( -0.000000000000000000, 0.000000000000000000, 1.000000000000000000 ) ) ;
#1231 = DIRECTION ( 'NONE',  ( 0.000000000000000000, 0.000000000000000000, 1.000000000000000000 ) ) ;
#1232 = DIRECTION ( 'NONE',  ( 0.000000000000000000, 0.000000000000000000, -1.000000000000000000 ) ) ;
#1233 = VECTOR ( 'NONE', #1618, 1000.000000000000227 ) ;
#1234 = DIRECTION ( 'NONE',  ( -0.000000000000000000, -1.000000000000000000, -0.000000000000000000 ) ) ;
#1235 = EDGE_LOOP ( 'NONE', ( #869, #2771, #1220, #584 ) ) ;
#1236 = LINE ( 'NONE', #2033, #1045 ) ;
#1237 = ORIENTED_EDGE ( 'NONE', *, *, #511, .F. ) ;
#1238 = EDGE_LOOP ( 'NONE', ( #1452, #1103 ) ) ;
#1239 = AXIS2_PLACEMENT_3D ( 'NONE', #772, #34, #52 ) ;
#1240 = CARTESIAN_POINT ( 'NONE',  ( 42.52184732581616800, 0.000000000000000000, -27.79999999999960636 ) ) ;
#1241 = ORIENTED_EDGE ( 'NONE', *, *, #2043, .F. ) ;
#1242 = VERTEX_POINT ( 'NONE', #1264 ) ;
#1243 = VECTOR ( 'NONE', #1448, 1000.000000000000000 ) ;
#1244 = FACE_OUTER_BOUND ( 'NONE', #2080, .T. ) ;
#1245 = CARTESIAN_POINT ( 'NONE',  ( -22.00000000000015277, 0.000000000000000000, -35.00000000000000000 ) ) ;
#1246 = ADVANCED_FACE ( 'NONE', ( #806 ), #323, .F. ) ;
#1247 = DIRECTION ( 'NONE',  ( -1.000000000000000000, -0.000000000000000000, -3.491481338843133750E-15 ) ) ;
#1248 = AXIS2_PLACEMENT_3D ( 'NONE', #2619, #1592, #866 ) ;
#1249 = CIRCLE ( 'NONE', #3078, 59.99999999999997158 ) ;
#1250 = DIRECTION ( 'NONE',  ( 0.9760137018783704432, -0.2177091034974870110, 0.000000000000000000 ) ) ;
#1251 = CARTESIAN_POINT ( 'NONE',  ( -12.00000000000000355, -60.00000000000000000, -64.00000000000000000 ) ) ;
#1252 = DIRECTION ( 'NONE',  ( 1.000000000000000000, 0.000000000000000000, -0.000000000000000000 ) ) ;
#1253 = DIRECTION ( 'NONE',  ( -1.000000000000000000, 0.000000000000000000, -0.000000000000000000 ) ) ;
#1254 = CARTESIAN_POINT ( 'NONE',  ( -37.34314575050742491, -69.49542154529278548, 37.34314575050782281 ) ) ;
#1255 = EDGE_CURVE ( 'NONE', #1145, #2131, #425, .T. ) ;
#1256 = ORIENTED_EDGE ( 'NONE', *, *, #3139, .F. ) ;
#1257 = ORIENTED_EDGE ( 'NONE', *, *, #2716, .T. ) ;
#1258 = VERTEX_POINT ( 'NONE', #2972 ) ;
#1259 = DIRECTION ( 'NONE',  ( -0.000000000000000000, 1.000000000000000000, 0.000000000000000000 ) ) ;
#1260 = EDGE_LOOP ( 'NONE', ( #2078, #1405 ) ) ;
#1261 = ORIENTED_EDGE ( 'NONE', *, *, #1451, .T. ) ;
#1262 = FACE_OUTER_BOUND ( 'NONE', #1170, .T. ) ;
#1263 = CARTESIAN_POINT ( 'NONE',  ( 43.00000000000000000, -44.13512577292345185, -30.00000000000000355 ) ) ;
#1264 = CARTESIAN_POINT ( 'NONE',  ( 3.980102097228898231E-16, 0.000000000000000000, -3.250000000000000444 ) ) ;
#1265 = DIRECTION ( 'NONE',  ( -0.000000000000000000, -0.000000000000000000, -1.000000000000000000 ) ) ;
#1266 = VECTOR ( 'NONE', #567, 1000.000000000000114 ) ;
#1267 = EDGE_CURVE ( 'NONE', #1207, #1682, #1275, .T. ) ;
#1268 = DIRECTION ( 'NONE',  ( 1.000000000000000000, 0.000000000000000000, 0.000000000000000000 ) ) ;
#1269 = CARTESIAN_POINT ( 'NONE',  ( 18.00000000000000355, -15.00000000000000000, 30.00000000000000000 ) ) ;
#1270 = CARTESIAN_POINT ( 'NONE',  ( -12.00000000000000000, 4.999999999999992895, -57.76677245614471445 ) ) ;
#1271 = CARTESIAN_POINT ( 'NONE',  ( -35.00000000000000000, -80.00000000000000000, -35.00000000000000000 ) ) ;
#1272 = FACE_OUTER_BOUND ( 'NONE', #1947, .T. ) ;
#1273 = CARTESIAN_POINT ( 'NONE',  ( 30.00000000000000000, -60.00000000000000000, 18.00000000000011013 ) ) ;
#1274 = VERTEX_POINT ( 'NONE', #2023 ) ;
#1275 = CIRCLE ( 'NONE', #3097, 2.999999999999999112 ) ;
#1276 = VERTEX_POINT ( 'NONE', #3010 ) ;
#1277 = VERTEX_POINT ( 'NONE', #2512 ) ;
#1278 = DIRECTION ( 'NONE',  ( -4.625929269271484533E-15, 0.000000000000000000, 1.000000000000000000 ) ) ;
#1279 = VERTEX_POINT ( 'NONE', #773 ) ;
#1280 = VECTOR ( 'NONE', #2105, 1000.000000000000114 ) ;
#1281 = ORIENTED_EDGE ( 'NONE', *, *, #2697, .T. ) ;
#1282 = CARTESIAN_POINT ( 'NONE',  ( 35.00000000000000000, -60.00000000000000000, -14.99999999999987921 ) ) ;
#1283 = FACE_OUTER_BOUND ( 'NONE', #1821, .T. ) ;
#1284 = CARTESIAN_POINT ( 'NONE',  ( 37.34314575050748175, -69.49542154529254390, -37.34314575050761675 ) ) ;
#1285 = CARTESIAN_POINT ( 'NONE',  ( 12.00000000000000000, 25.49999999999999645, -57.76677245614471445 ) ) ;
#1286 = LINE ( 'NONE', #1954, #203 ) ;
#1287 = DIRECTION ( 'NONE',  ( 3.491481338843133355E-15, -0.000000000000000000, 1.000000000000000000 ) ) ;
#1288 = CARTESIAN_POINT ( 'NONE',  ( -21.99999999999955236, -3.469446951953614189E-15, 43.00000000000000000 ) ) ;
#1289 = DIRECTION ( 'NONE',  ( 0.000000000000000000, 0.000000000000000000, -1.000000000000000000 ) ) ;
#1290 = ORIENTED_EDGE ( 'NONE', *, *, #786, .F. ) ;
#1291 = VECTOR ( 'NONE', #1660, 1000.000000000000114 ) ;
#1292 = EDGE_CURVE ( 'NONE', #597, #1850, #2108, .T. ) ;
#1293 = VERTEX_POINT ( 'NONE', #2733 ) ;
#1294 = AXIS2_PLACEMENT_3D ( 'NONE', #2065, #601, #2815 ) ;
#1295 = CARTESIAN_POINT ( 'NONE',  ( -15.00000000000000000, -15.00000000000000000, -64.00000000000000000 ) ) ;
#1296 = VERTEX_POINT ( 'NONE', #1509 ) ;
#1297 = ORIENTED_EDGE ( 'NONE', *, *, #1665, .T. ) ;
#1298 = CARTESIAN_POINT ( 'NONE',  ( 15.00000000000000000, -15.00000000000000000, 30.00000000000000000 ) ) ;
#1299 = DIRECTION ( 'NONE',  ( 0.000000000000000000, 0.000000000000000000, 1.000000000000000000 ) ) ;
#1300 = DIRECTION ( 'NONE',  ( 0.000000000000000000, 1.000000000000000000, -0.000000000000000000 ) ) ;
#1301 = CIRCLE ( 'NONE', #1397, 3.000000000000000888 ) ;
#1302 = VECTOR ( 'NONE', #2265, 1000.000000000000000 ) ;
#1303 = STYLED_ITEM ( 'NONE', ( #2519 ), #2302 ) ;
#1304 = CARTESIAN_POINT ( 'NONE',  ( -35.00000000000000000, -60.00000000000000000, 17.99999999999987921 ) ) ;
#1305 = FACE_OUTER_BOUND ( 'NONE', #1790, .T. ) ;
#1306 = DIRECTION ( 'NONE',  ( 0.000000000000000000, 0.000000000000000000, -1.000000000000000000 ) ) ;
#1307 = DIRECTION ( 'NONE',  ( -1.000000000000000000, 0.000000000000000000, 0.000000000000000000 ) ) ;
#1308 = ADVANCED_FACE ( 'NONE', ( #2262 ), #53, .F. ) ;
#1309 = CARTESIAN_POINT ( 'NONE',  ( 0.000000000000000000, 0.000000000000000000, 49.10000000000000142 ) ) ;
#1310 = AXIS2_PLACEMENT_3D ( 'NONE', #1877, #2875, #2378 ) ;
#1311 = ORIENTED_EDGE ( 'NONE', *, *, #2162, .T. ) ;
#1312 = ORIENTED_EDGE ( 'NONE', *, *, #1545, .T. ) ;
#1313 = ADVANCED_FACE ( 'NONE', ( #1283 ), #561, .F. ) ;
#1314 = DIRECTION ( 'NONE',  ( 0.000000000000000000, 1.000000000000000000, 0.000000000000000000 ) ) ;
#1315 =( BOUNDED_CURVE ( )  B_SPLINE_CURVE ( 3, ( #194, #1158, #3191, #1690 ),
 .UNSPECIFIED., .F., .F. ) 
 B_SPLINE_CURVE_WITH_KNOTS ( ( 4, 4 ),
 ( 3.926990816987242727, 4.712388980384689674 ),
 .UNSPECIFIED. ) 
 CURVE ( )  GEOMETRIC_REPRESENTATION_ITEM ( )  RATIONAL_B_SPLINE_CURVE ( ( 1.000000000000000000, 0.9492530216741912330, 0.9492530216741912330, 1.000000000000000000 ) ) 
 REPRESENTATION_ITEM ( '' )  );
#1316 = DIRECTION ( 'NONE',  ( -1.000000000000000000, -0.000000000000000000, -0.000000000000000000 ) ) ;
#1317 = VERTEX_POINT ( 'NONE', #1245 ) ;
#1318 = DIRECTION ( 'NONE',  ( -0.000000000000000000, 1.000000000000000000, -0.000000000000000000 ) ) ;
#1319 = DIRECTION ( 'NONE',  ( 0.000000000000000000, 0.000000000000000000, 1.000000000000000000 ) ) ;
#1320 = CARTESIAN_POINT ( 'NONE',  ( 35.00000000000036948, -80.00000000000000000, 34.99999999999963762 ) ) ;
#1321 = EDGE_CURVE ( 'NONE', #2541, #1883, #1471, .T. ) ;
#1322 = VERTEX_POINT ( 'NONE', #1525 ) ;
#1323 = CARTESIAN_POINT ( 'NONE',  ( -15.00000000000000000, -15.00000000000000000, -35.00000000000000000 ) ) ;
#1324 = CARTESIAN_POINT ( 'NONE',  ( -30.00000000000015632, -44.13512577292311079, -42.99999999999997868 ) ) ;
#1325 = VECTOR ( 'NONE', #342, 1000.000000000000000 ) ;
#1326 = DIRECTION ( 'NONE',  ( 0.2177091034974870110, 0.9760137018783704432, 0.000000000000000000 ) ) ;
#1327 = AXIS2_PLACEMENT_3D ( 'NONE', #354, #2582, #2841 ) ;
#1328 = EDGE_LOOP ( 'NONE', ( #3186, #2698, #1106, #2127 ) ) ;
#1329 = EDGE_CURVE ( 'NONE', #3091, #1612, #586, .T. ) ;
#1330 = ORIENTED_EDGE ( 'NONE', *, *, #2126, .F. ) ;
#1331 = FACE_OUTER_BOUND ( 'NONE', #3058, .T. ) ;
#1332 = CARTESIAN_POINT ( 'NONE',  ( -30.00000000000000000, -15.00000000000000000, 14.99999999999989519 ) ) ;
#1333 = ORIENTED_EDGE ( 'NONE', *, *, #3124, .F. ) ;
#1334 =( BOUNDED_CURVE ( )  B_SPLINE_CURVE ( 3, ( #556, #2766, #2983, #317 ),
 .UNSPECIFIED., .F., .F. ) 
 B_SPLINE_CURVE_WITH_KNOTS ( ( 4, 4 ),
 ( 0.000000000000000000, 1.570796326794896780 ),
 .UNSPECIFIED. ) 
 CURVE ( )  GEOMETRIC_REPRESENTATION_ITEM ( )  RATIONAL_B_SPLINE_CURVE ( ( 1.000000000000000000, 0.8047378541243649375, 0.8047378541243649375, 1.000000000000000000 ) ) 
 REPRESENTATION_ITEM ( '' )  );
#1335 = EDGE_CURVE ( 'NONE', #893, #2573, #2277, .T. ) ;
#1336 = CARTESIAN_POINT ( 'NONE',  ( -11.99999999999999645, -15.00000000000000000, -30.00000000000000000 ) ) ;
#1337 = EDGE_CURVE ( 'NONE', #2427, #1572, #973, .T. ) ;
#1338 = DIRECTION ( 'NONE',  ( 1.000000000000000000, 0.000000000000000000, 0.000000000000000000 ) ) ;
#1339 = DIRECTION ( 'NONE',  ( 0.000000000000000000, 1.000000000000000000, 0.000000000000000000 ) ) ;
#1340 = LINE ( 'NONE', #1093, #1741 ) ;
#1341 = ADVANCED_FACE ( 'NONE', ( #993 ), #1991, .F. ) ;
#1342 = PLANE ( 'NONE',  #1126 ) ;
#1343 = CARTESIAN_POINT ( 'NONE',  ( -30.00000000000000355, -1.850413453435900827E-15, 1.047444401652940133E-13 ) ) ;
#1344 = ORIENTED_EDGE ( 'NONE', *, *, #1215, .F. ) ;
#1345 = VECTOR ( 'NONE', #2072, 1000.000000000000000 ) ;
#1346 = CARTESIAN_POINT ( 'NONE',  ( 12.00000000000000000, 0.000000000000000000, -57.76677245614471445 ) ) ;
#1347 = VECTOR ( 'NONE', #1089, 1000.000000000000000 ) ;
#1348 = CYLINDRICAL_SURFACE ( 'NONE', #1892, 64.00000000000000000 ) ;
#1349 = LINE ( 'NONE', #2005, #49 ) ;
#1350 = ORIENTED_EDGE ( 'NONE', *, *, #1907, .F. ) ;
#1351 = DIRECTION ( 'NONE',  ( 1.000000000000000000, 0.000000000000000000, 0.000000000000000000 ) ) ;
#1352 = CARTESIAN_POINT ( 'NONE',  ( -30.00000000000000000, -60.00000000000000000, -15.00000000000010658 ) ) ;
#1353 = ORIENTED_EDGE ( 'NONE', *, *, #640, .F. ) ;
#1354 = VERTEX_POINT ( 'NONE', #1921 ) ;
#1355 = DIRECTION ( 'NONE',  ( -0.000000000000000000, -0.000000000000000000, 1.000000000000000000 ) ) ;
#1356 = AXIS2_PLACEMENT_3D ( 'NONE', #2242, #2001, #198 ) ;
#1357 = DIRECTION ( 'NONE',  ( -0.000000000000000000, -1.000000000000000000, -0.000000000000000000 ) ) ;
#1358 = CARTESIAN_POINT ( 'NONE',  ( -35.00000000000000000, 0.000000000000000000, 22.00000000000000355 ) ) ;
#1359 = AXIS2_PLACEMENT_3D ( 'NONE', #833, #1314, #2588 ) ;
#1360 = FACE_OUTER_BOUND ( 'NONE', #2149, .T. ) ;
#1361 = VECTOR ( 'NONE', #293, 1000.000000000000000 ) ;
#1362 = EDGE_CURVE ( 'NONE', #603, #1145, #675, .T. ) ;
#1363 = DIRECTION ( 'NONE',  ( 0.2127261469941259253, 0.9536745633443657333, -0.2127261469941266747 ) ) ;
#1364 = AXIS2_PLACEMENT_3D ( 'NONE', #1147, #971, #2924 ) ;
#1365 = CARTESIAN_POINT ( 'NONE',  ( -35.00000000000014921, -53.77420889560340100, -40.84991118348250438 ) ) ;
#1366 = ORIENTED_EDGE ( 'NONE', *, *, #2919, .F. ) ;
#1367 = CARTESIAN_POINT ( 'NONE',  ( 43.00000000000045475, -44.13512577292143391, 35.00000000000000000 ) ) ;
#1368 = ADVANCED_FACE ( 'NONE', ( #3166 ), #446, .F. ) ;
#1369 = CARTESIAN_POINT ( 'NONE',  ( -35.00000000000000000, -80.00000000000000000, 35.00000000000000000 ) ) ;
#1370 = EDGE_LOOP ( 'NONE', ( #925, #3136 ) ) ;
#1371 = VERTEX_POINT ( 'NONE', #2445 ) ;
#1372 = CARTESIAN_POINT ( 'NONE',  ( -30.00000000000012790, -80.00000000000000000, -34.99999999999990052 ) ) ;
#1373 = CARTESIAN_POINT ( 'NONE',  ( 64.00000000000015632, -60.00000000000000000, 18.00000000000022737 ) ) ;
#1374 = ADVANCED_FACE ( 'NONE', ( #2192 ), #952, .F. ) ;
#1375 = VERTEX_POINT ( 'NONE', #3031 ) ;
#1376 = EDGE_CURVE ( 'NONE', #523, #1957, #1112, .T. ) ;
#1377 = CIRCLE ( 'NONE', #3088, 3.000000000000000888 ) ;
#1378 = LINE ( 'NONE', #1506, #1627 ) ;
#1379 = CARTESIAN_POINT ( 'NONE',  ( 30.00000000000040501, -65.14428268233841379, 38.31370849898471675 ) ) ;
#1380 = EDGE_LOOP ( 'NONE', ( #1086, #2680 ) ) ;
#1381 = VECTOR ( 'NONE', #57, 1000.000000000000000 ) ;
#1382 = ORIENTED_EDGE ( 'NONE', *, *, #1228, .F. ) ;
#1383 = CARTESIAN_POINT ( 'NONE',  ( -43.00000000000015632, -44.13512577292276973, -35.00000000000000000 ) ) ;
#1384 = FACE_OUTER_BOUND ( 'NONE', #2097, .T. ) ;
#1385 = CIRCLE ( 'NONE', #2366, 3.000000000000000888 ) ;
#1386 = ORIENTED_EDGE ( 'NONE', *, *, #2460, .F. ) ;
#1387 = ORIENTED_EDGE ( 'NONE', *, *, #2482, .F. ) ;
#1388 = CARTESIAN_POINT ( 'NONE',  ( -43.00000000000000000, -80.00000000000000000, 43.00000000000000711 ) ) ;
#1389 = ORIENTED_EDGE ( 'NONE', *, *, #1464, .F. ) ;
#1390 = DIRECTION ( 'NONE',  ( 0.000000000000000000, 0.000000000000000000, 1.000000000000000000 ) ) ;
#1391 = EDGE_CURVE ( 'NONE', #916, #2930, #2327, .T. ) ;
#1392 = DIRECTION ( 'NONE',  ( 0.000000000000000000, 0.000000000000000000, -1.000000000000000000 ) ) ;
#1393 = ORIENTED_EDGE ( 'NONE', *, *, #1337, .F. ) ;
#1394 = CARTESIAN_POINT ( 'NONE',  ( -12.00000000000000000, 25.49999999999999645, -34.84497836842659524 ) ) ;
#1395 = CARTESIAN_POINT ( 'NONE',  ( -42.52184732581581983, 4.999999999999996447, -27.80000000000019966 ) ) ;
#1396 = VERTEX_POINT ( 'NONE', #294 ) ;
#1397 = AXIS2_PLACEMENT_3D ( 'NONE', #322, #2022, #507 ) ;
#1398 = EDGE_LOOP ( 'NONE', ( #800, #2164 ) ) ;
#1399 = CYLINDRICAL_SURFACE ( 'NONE', #2240, 3.000000000000000888 ) ;
#1400 = EDGE_CURVE ( 'NONE', #2062, #959, #899, .T. ) ;
#1401 = CARTESIAN_POINT ( 'NONE',  ( 15.00000000000000355, -60.00000000000000000, 30.00000000000000000 ) ) ;
#1402 = MECHANICAL_DESIGN_GEOMETRIC_PRESENTATION_REPRESENTATION (  '', ( #1303 ), #256 ) ;
#1403 = EDGE_CURVE ( 'NONE', #679, #2119, #1009, .T. ) ;
#1404 = VERTEX_POINT ( 'NONE', #3064 ) ;
#1405 = ORIENTED_EDGE ( 'NONE', *, *, #3034, .T. ) ;
#1406 = DIRECTION ( 'NONE',  ( -1.000000000000000000, 0.000000000000000000, 0.000000000000000000 ) ) ;
#1407 = FACE_OUTER_BOUND ( 'NONE', #717, .T. ) ;
#1408 = ORIENTED_EDGE ( 'NONE', *, *, #1337, .T. ) ;
#1409 = DIRECTION ( 'NONE',  ( -1.000000000000000000, 0.000000000000000000, 0.000000000000000000 ) ) ;
#1410 = DIRECTION ( 'NONE',  ( 0.000000000000000000, 1.000000000000000000, 0.000000000000000000 ) ) ;
#1411 = CARTESIAN_POINT ( 'NONE',  ( 35.00000000000045475, -27.25000000000082778, 43.00000000000008527 ) ) ;
#1412 = ADVANCED_FACE ( 'NONE', ( #1799, #2584, #310, #2331, #1587 ), #552, .F. ) ;
#1413 = EDGE_LOOP ( 'NONE', ( #2150, #84, #176, #1702, #2788, #1615, #3172, #2928, #1137, #1052, #2037, #1039, #2234, #1978, #1578, #2144, #2900, #1488, #2086, #2867, #2286, #1924, #1466, #3141, #3050, #1871, #499, #1090, #2611, #1075, #2639, #3225, #1700, #1930, #765, #2954, #191, #2154, #456, #1467 ) ) ;
#1414 = VECTOR ( 'NONE', #2177, 1000.000000000000000 ) ;
#1415 = PRODUCT_CONTEXT ( 'NONE', #647, 'mechanical' ) ;
#1416 = ORIENTED_EDGE ( 'NONE', *, *, #823, .F. ) ;
#1417 = ORIENTED_EDGE ( 'NONE', *, *, #1195, .F. ) ;
#1418 = DIRECTION ( 'NONE',  ( -1.000000000000000000, 0.000000000000000000, -0.000000000000000000 ) ) ;
#1419 = AXIS2_PLACEMENT_3D ( 'NONE', #843, #2313, #2615 ) ;
#1420 = CARTESIAN_POINT ( 'NONE',  ( -35.00000000000000000, 0.000000000000000000, -35.00000000000000000 ) ) ;
#1421 = VERTEX_POINT ( 'NONE', #2797 ) ;
#1422 = ORIENTED_EDGE ( 'NONE', *, *, #367, .T. ) ;
#1423 = EDGE_CURVE ( 'NONE', #1846, #1439, #1550, .T. ) ;
#1424 = LINE ( 'NONE', #216, #2980 ) ;
#1425 = CARTESIAN_POINT ( 'NONE',  ( -35.00000000000000000, 0.000000000000000000, -35.00000000000000000 ) ) ;
#1426 = FACE_OUTER_BOUND ( 'NONE', #1849, .T. ) ;
#1427 = EDGE_CURVE ( 'NONE', #1182, #1322, #5, .T. ) ;
#1428 = LINE ( 'NONE', #2614, #573 ) ;
#1429 = ORIENTED_EDGE ( 'NONE', *, *, #3175, .T. ) ;
#1430 = CARTESIAN_POINT ( 'NONE',  ( -35.00000000000000000, -80.00000000000000000, -35.00000000000000000 ) ) ;
#1431 = VERTEX_POINT ( 'NONE', #534 ) ;
#1432 = ORIENTED_EDGE ( 'NONE', *, *, #3087, .T. ) ;
#1433 = ORIENTED_EDGE ( 'NONE', *, *, #1616, .F. ) ;
#1434 = FACE_BOUND ( 'NONE', #1483, .T. ) ;
#1435 = CARTESIAN_POINT ( 'NONE',  ( 64.00000000000018474, -15.00000000000000000, 12.00000000000022204 ) ) ;
#1436 = ORIENTED_EDGE ( 'NONE', *, *, #74, .F. ) ;
#1437 = EDGE_CURVE ( 'NONE', #1242, #623, #581, .T. ) ;
#1438 = AXIS2_PLACEMENT_3D ( 'NONE', #780, #728, #1026 ) ;
#1439 = VERTEX_POINT ( 'NONE', #22 ) ;
#1440 = DIRECTION ( 'NONE',  ( 0.000000000000000000, 0.000000000000000000, -1.000000000000000000 ) ) ;
#1441 = CIRCLE ( 'NONE', #766, 3.000000000000000888 ) ;
#1442 = LINE ( 'NONE', #123, #223 ) ;
#1443 = DIRECTION ( 'NONE',  ( 0.000000000000000000, 1.000000000000000000, 0.000000000000000000 ) ) ;
#1444 = DIRECTION ( 'NONE',  ( 1.000000000000000000, 0.000000000000000000, 0.000000000000000000 ) ) ;
#1445 = CIRCLE ( 'NONE', #1613, 3.000000000000002665 ) ;
#1446 = DIRECTION ( 'NONE',  ( -4.625929269271484533E-15, 0.000000000000000000, 1.000000000000000000 ) ) ;
#1447 = DIRECTION ( 'NONE',  ( -4.625929269271484533E-15, 0.000000000000000000, 1.000000000000000000 ) ) ;
#1448 = DIRECTION ( 'NONE',  ( -0.000000000000000000, -0.000000000000000000, 1.000000000000000000 ) ) ;
#1449 = ORIENTED_EDGE ( 'NONE', *, *, #1555, .F. ) ;
#1450 = CIRCLE ( 'NONE', #3211, 3.000000000000000888 ) ;
#1451 = EDGE_CURVE ( 'NONE', #2158, #428, #2303, .T. ) ;
#1452 = ORIENTED_EDGE ( 'NONE', *, *, #2777, .T. ) ;
#1453 = CARTESIAN_POINT ( 'NONE',  ( -35.00000000000000000, -80.00000000000000000, -22.00000000000000355 ) ) ;
#1454 = CARTESIAN_POINT ( 'NONE',  ( 35.00000000000000000, -60.00000000000000000, 18.00000000000012790 ) ) ;
#1455 = ORIENTED_EDGE ( 'NONE', *, *, #1037, .F. ) ;
#1456 = VECTOR ( 'NONE', #1355, 1000.000000000000000 ) ;
#1457 = AXIS2_PLACEMENT_3D ( 'NONE', #2703, #706, #2146 ) ;
#1458 = DIRECTION ( 'NONE',  ( 1.000000000000000000, 0.000000000000000000, -0.000000000000000000 ) ) ;
#1459 = CARTESIAN_POINT ( 'NONE',  ( 12.00000000000000355, -60.00000000000000000, -30.00000000000000000 ) ) ;
#1460 = EDGE_CURVE ( 'NONE', #2432, #2822, #2786, .T. ) ;
#1461 = DIRECTION ( 'NONE',  ( 0.000000000000000000, 0.000000000000000000, 1.000000000000000000 ) ) ;
#1462 = CARTESIAN_POINT ( 'NONE',  ( -35.00000000000000000, -80.00000000000000000, 30.00000000000000355 ) ) ;
#1463 = FACE_OUTER_BOUND ( 'NONE', #830, .T. ) ;
#1464 = EDGE_CURVE ( 'NONE', #845, #3055, #1377, .T. ) ;
#1465 = SURFACE_STYLE_FILL_AREA ( #2268 ) ;
#1466 = ORIENTED_EDGE ( 'NONE', *, *, #2958, .F. ) ;
#1467 = ORIENTED_EDGE ( 'NONE', *, *, #2977, .T. ) ;
#1468 = ORIENTED_EDGE ( 'NONE', *, *, #1181, .T. ) ;
#1469 = CARTESIAN_POINT ( 'NONE',  ( 30.00000000000000000, -15.00000000000000000, -17.99999999999989342 ) ) ;
#1470 = EDGE_CURVE ( 'NONE', #452, #1850, #2781, .T. ) ;
#1471 = CIRCLE ( 'NONE', #537, 3.000000000000000888 ) ;
#1472 = CARTESIAN_POINT ( 'NONE',  ( 0.000000000000000000, -27.25000000000027356, 30.00000000000000355 ) ) ;
#1473 = ORIENTED_EDGE ( 'NONE', *, *, #2002, .F. ) ;
#1474 = VERTEX_POINT ( 'NONE', #1532 ) ;
#1475 = CARTESIAN_POINT ( 'NONE',  ( 21.99999999999985434, -27.25000000000000355, -43.00000000000000000 ) ) ;
#1476 = DIRECTION ( 'NONE',  ( 0.000000000000000000, 0.000000000000000000, 1.000000000000000000 ) ) ;
#1477 = DIRECTION ( 'NONE',  ( 0.000000000000000000, 0.000000000000000000, 1.000000000000000000 ) ) ;
#1478 = DIRECTION ( 'NONE',  ( -0.2177091034974870110, 0.9760137018783704432, 0.000000000000000000 ) ) ;
#1479 = LINE ( 'NONE', #3200, #2758 ) ;
#1480 = CYLINDRICAL_SURFACE ( 'NONE', #2279, 8.000000000000000000 ) ;
#1481 = AXIS2_PLACEMENT_3D ( 'NONE', #1974, #2961, #1993 ) ;
#1482 = CARTESIAN_POINT ( 'NONE',  ( 29.99999999999999645, 0.000000000000000000, 30.00000000000000000 ) ) ;
#1483 = EDGE_LOOP ( 'NONE', ( #1095, #732 ) ) ;
#1484 = FACE_OUTER_BOUND ( 'NONE', #2468, .T. ) ;
#1485 = VERTEX_POINT ( 'NONE', #2060 ) ;
#1486 = VERTEX_POINT ( 'NONE', #2284 ) ;
#1487 = CARTESIAN_POINT ( 'NONE',  ( -12.00000000000000355, -60.00000000000000000, -30.00000000000000000 ) ) ;
#1488 = ORIENTED_EDGE ( 'NONE', *, *, #1894, .T. ) ;
#1489 = CARTESIAN_POINT ( 'NONE',  ( 30.00000000000036948, -80.00000000000000000, 34.99999999999969447 ) ) ;
#1490 = CARTESIAN_POINT ( 'NONE',  ( -22.00000000000015277, -27.25000000000027356, -43.00000000000000000 ) ) ;
#1491 = DIRECTION ( 'NONE',  ( 0.000000000000000000, 1.000000000000000000, 0.000000000000000000 ) ) ;
#1492 = ADVANCED_FACE ( 'NONE', ( #3047 ), #3052, .F. ) ;
#1493 = DIRECTION ( 'NONE',  ( 0.000000000000000000, 0.000000000000000000, -1.000000000000000000 ) ) ;
#1494 = LINE ( 'NONE', #1716, #430 ) ;
#1495 = AXIS2_PLACEMENT_3D ( 'NONE', #1914, #2470, #2436 ) ;
#1496 = DIRECTION ( 'NONE',  ( -0.000000000000000000, -0.000000000000000000, 1.000000000000000000 ) ) ;
#1497 = DIRECTION ( 'NONE',  ( 0.000000000000000000, 0.000000000000000000, 1.000000000000000000 ) ) ;
#1498 = ORIENTED_EDGE ( 'NONE', *, *, #3196, .F. ) ;
#1499 = EDGE_CURVE ( 'NONE', #1856, #976, #1334, .T. ) ;
#1500 = VERTEX_POINT ( 'NONE', #1016 ) ;
#1501 = ORIENTED_EDGE ( 'NONE', *, *, #1909, .F. ) ;
#1502 = CIRCLE ( 'NONE', #775, 3.000000000000000888 ) ;
#1503 = EDGE_CURVE ( 'NONE', #2912, #2916, #524, .T. ) ;
#1504 = CARTESIAN_POINT ( 'NONE',  ( 29.99999999999999645, 0.000000000000000000, -30.00000000000000000 ) ) ;
#1505 = EDGE_LOOP ( 'NONE', ( #2135, #1884, #522, #2452 ) ) ;
#1506 = CARTESIAN_POINT ( 'NONE',  ( -11.99999999999999822, -15.00000000000000000, -64.00000000000000000 ) ) ;
#1507 = VECTOR ( 'NONE', #2352, 1000.000000000000114 ) ;
#1508 = CARTESIAN_POINT ( 'NONE',  ( 22.00000000000045475, 0.000000000000000000, 35.00000000000000000 ) ) ;
#1509 = CARTESIAN_POINT ( 'NONE',  ( 21.99999999999985434, -80.00000000000000000, -35.00000000000000000 ) ) ;
#1510 = DIRECTION ( 'NONE',  ( -1.000000000000000000, 0.000000000000000000, 0.000000000000000000 ) ) ;
#1511 = AXIS2_PLACEMENT_3D ( 'NONE', #2718, #741, #17 ) ;
#1512 = VECTOR ( 'NONE', #1478, 1000.000000000000114 ) ;
#1513 = CARTESIAN_POINT ( 'NONE',  ( -43.00000000000000000, -44.13512577292345185, 30.00000000000000355 ) ) ;
#1514 = CARTESIAN_POINT ( 'NONE',  ( 64.00000000000028422, -60.00000000000000000, -14.99999999999977973 ) ) ;
#1515 = FACE_OUTER_BOUND ( 'NONE', #633, .T. ) ;
#1516 = CARTESIAN_POINT ( 'NONE',  ( -42.52184732581581983, 0.000000000000000000, -24.55000000000019611 ) ) ;
#1517 = DIRECTION ( 'NONE',  ( -0.000000000000000000, -1.000000000000000000, -0.000000000000000000 ) ) ;
#1518 =( LENGTH_UNIT ( ) NAMED_UNIT ( * ) SI_UNIT ( .MILLI., .METRE. ) );
#1519 = ORIENTED_EDGE ( 'NONE', *, *, #3104, .F. ) ;
#1520 = VERTEX_POINT ( 'NONE', #1757 ) ;
#1521 = ORIENTED_EDGE ( 'NONE', *, *, #790, .T. ) ;
#1522 = CARTESIAN_POINT ( 'NONE',  ( -35.00000000000012790, -79.99999999999945999, -34.99999999999999289 ) ) ;
#1523 = ORIENTED_EDGE ( 'NONE', *, *, #1329, .F. ) ;
#1524 = CARTESIAN_POINT ( 'NONE',  ( -21.99999999999955236, -80.00000000000000000, 35.00000000000000000 ) ) ;
#1525 = CARTESIAN_POINT ( 'NONE',  ( -43.00000000000000000, -1.850413453435900827E-15, 30.00000000000000355 ) ) ;
#1526 = LINE ( 'NONE', #592, #1233 ) ;
#1527 = AXIS2_PLACEMENT_3D ( 'NONE', #2073, #516, #2046 ) ;
#1528 = EDGE_CURVE ( 'NONE', #3098, #3218, #1193, .T. ) ;
#1529 = CARTESIAN_POINT ( 'NONE',  ( 35.00000000000000000, -80.00000000000000000, -22.00000000000000355 ) ) ;
#1530 = DIRECTION ( 'NONE',  ( -4.625929269271484533E-15, 0.000000000000000000, 1.000000000000000000 ) ) ;
#1531 = CARTESIAN_POINT ( 'NONE',  ( -35.00000000000000000, -27.25000000000027356, 1.222018468595096801E-13 ) ) ;
#1532 = CARTESIAN_POINT ( 'NONE',  ( -22.00000000000015277, -80.00000000000000000, -35.00000000000000000 ) ) ;
#1533 = AXIS2_PLACEMENT_3D ( 'NONE', #1076, #73, #1797 ) ;
#1534 = CARTESIAN_POINT ( 'NONE',  ( 12.00000000000000355, -60.00000000000000000, -64.00000000000000000 ) ) ;
#1535 = LINE ( 'NONE', #2761, #2705 ) ;
#1536 = ORIENTED_EDGE ( 'NONE', *, *, #2220, .F. ) ;
#1537 = CIRCLE ( 'NONE', #543, 2.999999999999999112 ) ;
#1538 = EDGE_LOOP ( 'NONE', ( #1588, #2471, #1540, #1031 ) ) ;
#1539 = CYLINDRICAL_SURFACE ( 'NONE', #1865, 3.000000000000000888 ) ;
#1540 = ORIENTED_EDGE ( 'NONE', *, *, #199, .F. ) ;
#1541 = EDGE_CURVE ( 'NONE', #3098, #734, #1150, .T. ) ;
#1542 = CARTESIAN_POINT ( 'NONE',  ( 64.00000000000028422, -15.00000000000000000, -14.99999999999977618 ) ) ;
#1543 = DIRECTION ( 'NONE',  ( -1.000000000000000000, 0.000000000000000000, 0.000000000000000000 ) ) ;
#1544 = LINE ( 'NONE', #2055, #2745 ) ;
#1545 = EDGE_CURVE ( 'NONE', #932, #1205, #1742, .T. ) ;
#1546 = CARTESIAN_POINT ( 'NONE',  ( 29.99999999999985434, -1.850413453435900827E-15, -43.00000000000002842 ) ) ;
#1547 = CARTESIAN_POINT ( 'NONE',  ( 42.52184732581616800, 0.000000000000000000, -21.29999999999960636 ) ) ;
#1548 = EDGE_CURVE ( 'NONE', #1219, #1725, #3159, .T. ) ;
#1549 = PLANE ( 'NONE',  #1860 ) ;
#1550 = LINE ( 'NONE', #1271, #1266 ) ;
#1551 = ORIENTED_EDGE ( 'NONE', *, *, #1376, .F. ) ;
#1552 = VECTOR ( 'NONE', #2116, 1000.000000000000000 ) ;
#1553 = ORIENTED_EDGE ( 'NONE', *, *, #1068, .T. ) ;
#1554 = AXIS2_PLACEMENT_3D ( 'NONE', #1819, #2620, #835 ) ;
#1555 = EDGE_CURVE ( 'NONE', #1814, #147, #1424, .T. ) ;
#1556 = CYLINDRICAL_SURFACE ( 'NONE', #1714, 3.000000000000000888 ) ;
#1557 = ADVANCED_FACE ( 'NONE', ( #1693, #1950, #1226, #2971, #2682 ), #1209, .F. ) ;
#1558 = ORIENTED_EDGE ( 'NONE', *, *, #776, .T. ) ;
#1559 = ORIENTED_EDGE ( 'NONE', *, *, #3038, .T. ) ;
#1560 = CARTESIAN_POINT ( 'NONE',  ( 35.00000000000000000, -80.00000000000000000, -22.00000000000000355 ) ) ;
#1561 = CARTESIAN_POINT ( 'NONE',  ( 15.00000000000000355, -60.00000000000000000, -64.00000000000000000 ) ) ;
#1562 = FACE_OUTER_BOUND ( 'NONE', #51, .T. ) ;
#1563 = VERTEX_POINT ( 'NONE', #688 ) ;
#1564 = ORIENTED_EDGE ( 'NONE', *, *, #921, .F. ) ;
#1565 = ADVANCED_FACE ( 'NONE', ( #1932 ), #438, .F. ) ;
#1566 = CARTESIAN_POINT ( 'NONE',  ( 34.99999999999987921, -80.00000000000000000, -35.00000000000012790 ) ) ;
#1567 = VECTOR ( 'NONE', #600, 1000.000000000000000 ) ;
#1568 = CARTESIAN_POINT ( 'NONE',  ( 30.00000000000045475, -80.00000000000000000, 42.99999999999992184 ) ) ;
#1569 = DIRECTION ( 'NONE',  ( 0.000000000000000000, 0.000000000000000000, -1.000000000000000000 ) ) ;
#1570 = CARTESIAN_POINT ( 'NONE',  ( 0.000000000000000000, 21.49999999999996803, 0.000000000000000000 ) ) ;
#1571 = EDGE_LOOP ( 'NONE', ( #1261, #2723, #831 ) ) ;
#1572 = VERTEX_POINT ( 'NONE', #2921 ) ;
#1573 = EDGE_CURVE ( 'NONE', #452, #1844, #2104, .T. ) ;
#1574 = CARTESIAN_POINT ( 'NONE',  ( 34.99999999999999289, -80.00000000000002842, -35.00000000000012079 ) ) ;
#1575 = PLANE ( 'NONE',  #138 ) ;
#1576 = CARTESIAN_POINT ( 'NONE',  ( -30.00000000000015632, -44.13512577292311079, -42.99999999999997868 ) ) ;
#1577 = ORIENTED_EDGE ( 'NONE', *, *, #2109, .T. ) ;
#1578 = ORIENTED_EDGE ( 'NONE', *, *, #3196, .T. ) ;
#1579 = EDGE_CURVE ( 'NONE', #1317, #428, #1997, .T. ) ;
#1580 = CYLINDRICAL_SURFACE ( 'NONE', #880, 2.999999999999999112 ) ;
#1581 = LINE ( 'NONE', #1120, #974 ) ;
#1582 = VERTEX_POINT ( 'NONE', #490 ) ;
#1583 = DIRECTION ( 'NONE',  ( -0.000000000000000000, -1.000000000000000000, -0.000000000000000000 ) ) ;
#1584 = DIRECTION ( 'NONE',  ( 0.000000000000000000, 0.000000000000000000, -1.000000000000000000 ) ) ;
#1585 = AXIS2_PLACEMENT_3D ( 'NONE', #1475, #738, #179 ) ;
#1586 = DIRECTION ( 'NONE',  ( 3.491481338843133355E-15, 0.000000000000000000, 1.000000000000000000 ) ) ;
#1587 = FACE_OUTER_BOUND ( 'NONE', #1505, .T. ) ;
#1588 = ORIENTED_EDGE ( 'NONE', *, *, #1427, .F. ) ;
#1589 = DIRECTION ( 'NONE',  ( -0.000000000000000000, -1.000000000000000000, -0.000000000000000000 ) ) ;
#1590 = VECTOR ( 'NONE', #550, 1000.000000000000000 ) ;
#1591 = ORIENTED_EDGE ( 'NONE', *, *, #902, .T. ) ;
#1592 = DIRECTION ( 'NONE',  ( 0.000000000000000000, 0.000000000000000000, -1.000000000000000000 ) ) ;
#1593 = CIRCLE ( 'NONE', #1216, 3.250000000000000444 ) ;
#1594 = CARTESIAN_POINT ( 'NONE',  ( 0.000000000000000000, -75.00000000000001421, 0.000000000000000000 ) ) ;
#1595 = CARTESIAN_POINT ( 'NONE',  ( -22.00000000000015277, -80.00000000000000000, -35.00000000000000000 ) ) ;
#1596 = EDGE_CURVE ( 'NONE', #368, #1421, #1005, .T. ) ;
#1597 = EDGE_LOOP ( 'NONE', ( #2333, #1955, #1816, #1416, #3182 ) ) ;
#1598 = LINE ( 'NONE', #1394, #825 ) ;
#1599 = AXIS2_PLACEMENT_3D ( 'NONE', #2463, #2996, #3213 ) ;
#1600 = DIRECTION ( 'NONE',  ( 0.000000000000000000, 0.000000000000000000, 1.000000000000000000 ) ) ;
#1601 = ORIENTED_EDGE ( 'NONE', *, *, #1894, .F. ) ;
#1602 = CARTESIAN_POINT ( 'NONE',  ( -52.84475796423748761, -9.252067267179504135E-16, 30.00000000000000355 ) ) ;
#1603 = DIRECTION ( 'NONE',  ( -0.000000000000000000, 1.000000000000000000, -0.000000000000000000 ) ) ;
#1604 = DIRECTION ( 'NONE',  ( -7.601272721577442022E-16, 0.9760137018783704432, -0.2177091034974870110 ) ) ;
#1605 = EDGE_CURVE ( 'NONE', #959, #1662, #2440, .T. ) ;
#1606 = CARTESIAN_POINT ( 'NONE',  ( 42.52184732581616800, 4.999999999999996447, -24.54999999999960636 ) ) ;
#1607 = ORIENTED_EDGE ( 'NONE', *, *, #882, .T. ) ;
#1608 = VECTOR ( 'NONE', #366, 1000.000000000000000 ) ;
#1609 = CARTESIAN_POINT ( 'NONE',  ( 12.00000000000000000, 0.000000000000000000, -62.86493458200684614 ) ) ;
#1610 = VECTOR ( 'NONE', #1247, 1000.000000000000000 ) ;
#1611 = DIRECTION ( 'NONE',  ( -0.000000000000000000, 1.000000000000000000, -0.000000000000000000 ) ) ;
#1612 = VERTEX_POINT ( 'NONE', #2189 ) ;
#1613 = AXIS2_PLACEMENT_3D ( 'NONE', #736, #526, #1738 ) ;
#1614 = ORIENTED_EDGE ( 'NONE', *, *, #2183, .F. ) ;
#1615 = ORIENTED_EDGE ( 'NONE', *, *, #1255, .T. ) ;
#1616 = EDGE_CURVE ( 'NONE', #1143, #1500, #232, .T. ) ;
#1617 = DIRECTION ( 'NONE',  ( 0.000000000000000000, 0.000000000000000000, 1.000000000000000000 ) ) ;
#1618 = DIRECTION ( 'NONE',  ( -0.2127261469941259808, 0.9536745633443659553, -0.2127261469941252592 ) ) ;
#1619 = ADVANCED_FACE ( 'NONE', ( #2223 ), #703, .F. ) ;
#1620 = CARTESIAN_POINT ( 'NONE',  ( -30.00000000000000355, 0.000000000000000000, 30.00000000000000000 ) ) ;
#1621 = AXIS2_PLACEMENT_3D ( 'NONE', #1298, #2039, #3076 ) ;
#1622 = LINE ( 'NONE', #1857, #3133 ) ;
#1623 = ADVANCED_FACE ( 'NONE', ( #1244 ), #3177, .F. ) ;
#1624 = FACE_BOUND ( 'NONE', #2844, .T. ) ;
#1625 = EDGE_CURVE ( 'NONE', #1572, #2573, #2989, .T. ) ;
#1626 = DIRECTION ( 'NONE',  ( 0.000000000000000000, 0.000000000000000000, -1.000000000000000000 ) ) ;
#1627 = VECTOR ( 'NONE', #265, 1000.000000000000000 ) ;
#1628 = ORIENTED_EDGE ( 'NONE', *, *, #1936, .F. ) ;
#1629 = AXIS2_PLACEMENT_3D ( 'NONE', #764, #1589, #1051 ) ;
#1630 = LINE ( 'NONE', #1609, #3216 ) ;
#1631 = APPLICATION_CONTEXT ( 'automotive_design' ) ;
#1632 = FACE_BOUND ( 'NONE', #693, .T. ) ;
#1633 = ORIENTED_EDGE ( 'NONE', *, *, #2199, .T. ) ;
#1634 = VERTEX_POINT ( 'NONE', #1459 ) ;
#1635 = CARTESIAN_POINT ( 'NONE',  ( -30.00000000000000000, -60.00000000000000000, 17.99999999999989697 ) ) ;
#1636 = CARTESIAN_POINT ( 'NONE',  ( -42.52184732581581983, 4.999999999999996447, -24.55000000000019611 ) ) ;
#1637 = EDGE_LOOP ( 'NONE', ( #3158, #2101, #1169, #301 ) ) ;
#1638 = EDGE_LOOP ( 'NONE', ( #2076, #2962, #210, #2770 ) ) ;
#1639 =( BOUNDED_CURVE ( )  B_SPLINE_CURVE ( 3, ( #1513, #1007, #3028, #2007 ),
 .UNSPECIFIED., .F., .F. ) 
 B_SPLINE_CURVE_WITH_KNOTS ( ( 4, 4 ),
 ( 1.570796326794896780, 3.141592653589792672 ),
 .UNSPECIFIED. ) 
 CURVE ( )  GEOMETRIC_REPRESENTATION_ITEM ( )  RATIONAL_B_SPLINE_CURVE ( ( 1.000000000000000000, 0.8047378541243652705, 0.8047378541243652705, 1.000000000000000000 ) ) 
 REPRESENTATION_ITEM ( '' )  );
#1640 = CARTESIAN_POINT ( 'NONE',  ( 0.000000000000000000, -75.00000000000001421, 49.10000000000000142 ) ) ;
#1641 = LINE ( 'NONE', #220, #1157 ) ;
#1642 = ORIENTED_EDGE ( 'NONE', *, *, #3128, .T. ) ;
#1643 = DIRECTION ( 'NONE',  ( 0.000000000000000000, 0.000000000000000000, -1.000000000000000000 ) ) ;
#1644 = DIRECTION ( 'NONE',  ( 0.000000000000000000, -0.000000000000000000, 1.000000000000000000 ) ) ;
#1645 = VECTOR ( 'NONE', #934, 1000.000000000000000 ) ;
#1646 = ORIENTED_EDGE ( 'NONE', *, *, #1503, .T. ) ;
#1647 = DIRECTION ( 'NONE',  ( 1.000000000000000000, 0.000000000000000000, -0.000000000000000000 ) ) ;
#1648 = DIRECTION ( 'NONE',  ( -1.000000000000000000, -0.000000000000000000, -0.000000000000000000 ) ) ;
#1649 = CIRCLE ( 'NONE', #2885, 3.000000000000002665 ) ;
#1650 = ORIENTED_EDGE ( 'NONE', *, *, #74, .T. ) ;
#1651 = EDGE_CURVE ( 'NONE', #1205, #1725, #2323, .T. ) ;
#1652 = EDGE_CURVE ( 'NONE', #224, #2658, #1450, .T. ) ;
#1653 = CARTESIAN_POINT ( 'NONE',  ( 42.52184732581616800, -75.00000000000001421, -21.29999999999960636 ) ) ;
#1654 = ADVANCED_FACE ( 'NONE', ( #2529 ), #1580, .F. ) ;
#1655 = ORIENTED_EDGE ( 'NONE', *, *, #1968, .T. ) ;
#1656 = CARTESIAN_POINT ( 'NONE',  ( 42.52184732581616800, 4.999999999999996447, -24.54999999999960636 ) ) ;
#1657 =( LENGTH_UNIT ( ) NAMED_UNIT ( * ) SI_UNIT ( .MILLI., .METRE. ) );
#1658 = ORIENTED_EDGE ( 'NONE', *, *, #2351, .F. ) ;
#1659 = ADVANCED_FACE ( 'NONE', ( #1041 ), #2803, .F. ) ;
#1660 = DIRECTION ( 'NONE',  ( 0.2177091034974870110, 0.9760137018783704432, 0.000000000000000000 ) ) ;
#1661 = VERTEX_POINT ( 'NONE', #1336 ) ;
#1662 = VERTEX_POINT ( 'NONE', #14 ) ;
#1663 = PLANE ( 'NONE',  #2410 ) ;
#1664 = CARTESIAN_POINT ( 'NONE',  ( -35.00000000000000000, 0.000000000000000000, 22.00000000000000711 ) ) ;
#1665 = EDGE_CURVE ( 'NONE', #2384, #2912, #1301, .T. ) ;
#1666 = VECTOR ( 'NONE', #1961, 1000.000000000000000 ) ;
#1667 = DIRECTION ( 'NONE',  ( 0.000000000000000000, 0.000000000000000000, 1.000000000000000000 ) ) ;
#1668 = CIRCLE ( 'NONE', #2085, 3.250000000000002665 ) ;
#1669 = CARTESIAN_POINT ( 'NONE',  ( 15.00000000000000355, -60.00000000000000000, -30.00000000000000000 ) ) ;
#1670 = EDGE_CURVE ( 'NONE', #3122, #3153, #2544, .T. ) ;
#1671 = ORIENTED_EDGE ( 'NONE', *, *, #1905, .F. ) ;
#1672 = CARTESIAN_POINT ( 'NONE',  ( 64.00000000000018474, -15.00000000000000000, 12.00000000000022204 ) ) ;
#1673 = CLOSED_SHELL ( 'NONE', ( #2567, #2122, #2964, #306, #271, #1017, #2892, #1368, #820, #484, #3100, #970, #416, #1198, #190, #1619, #1983, #2281, #2607, #3181, #3061, #3198, #2322, #2178, #2308, #407, #299, #26, #1948, #1698, #624, #1881, #3210, #1869, #587, #55, #1837, #2633, #1412, #1557, #3144, #3163, #244, #2728, #3152, #68, #1705, #1374, #1313, #2403, #1676, #1246, #1654, #2940, #1341, #164, #321, #2446, #442, #1851, #877, #944, #432, #2810, #2629, #370, #169, #748, #2823, #3022, #2643, #348, #389, #542, #155, #1492, #1623, #1308, #1565, #2032, #1098, #315, #724, #855, #684, #2555, #2895, #2488, #1817, #1659, #87, #628, #112, #3096, #30 ) ) ;
#1674 = PLANE ( 'NONE',  #2077 ) ;
#1675 = ORIENTED_EDGE ( 'NONE', *, *, #678, .T. ) ;
#1676 = ADVANCED_FACE ( 'NONE', ( #791 ), #3008, .F. ) ;
#1677 = ORIENTED_EDGE ( 'NONE', *, *, #381, .F. ) ;
#1678 = LINE ( 'NONE', #1058, #1951 ) ;
#1679 = CARTESIAN_POINT ( 'NONE',  ( 30.00000000000000000, -60.00000000000000000, 15.00000000000010836 ) ) ;
#1680 = DIRECTION ( 'NONE',  ( 0.000000000000000000, 1.000000000000000000, 0.000000000000000000 ) ) ;
#1681 = ORIENTED_EDGE ( 'NONE', *, *, #961, .T. ) ;
#1682 = VERTEX_POINT ( 'NONE', #1088 ) ;
#1683 = DIRECTION ( 'NONE',  ( 1.000000000000000000, 0.000000000000000000, 0.000000000000000000 ) ) ;
#1684 = EDGE_CURVE ( 'NONE', #576, #1186, #2501, .T. ) ;
#1685 = VECTOR ( 'NONE', #2458, 1000.000000000000000 ) ;
#1686 = ORIENTED_EDGE ( 'NONE', *, *, #227, .F. ) ;
#1687 = ORIENTED_EDGE ( 'NONE', *, *, #2398, .T. ) ;
#1688 = CARTESIAN_POINT ( 'NONE',  ( -30.00000000000000355, -1.850413453435900827E-15, 3.142333204958820272E-13 ) ) ;
#1689 = CIRCLE ( 'NONE', #590, 2.999999999999999112 ) ;
#1690 = CARTESIAN_POINT ( 'NONE',  ( 42.99999999999985789, -44.13512577292409844, -35.00000000000000000 ) ) ;
#1691 = EDGE_LOOP ( 'NONE', ( #1866, #46, #2128, #1122, #3171 ) ) ;
#1692 = VERTEX_POINT ( 'NONE', #267 ) ;
#1693 = FACE_BOUND ( 'NONE', #160, .T. ) ;
#1694 = AXIS2_PLACEMENT_3D ( 'NONE', #1986, #1042, #1319 ) ;
#1695 = DIRECTION ( 'NONE',  ( -0.000000000000000000, 0.000000000000000000, 1.000000000000000000 ) ) ;
#1696 = CARTESIAN_POINT ( 'NONE',  ( 21.99999999999985434, -3.469446951953614189E-15, -43.00000000000000000 ) ) ;
#1697 = CARTESIAN_POINT ( 'NONE',  ( -30.00000000000000355, -80.00000000000000000, -30.00000000000000000 ) ) ;
#1698 = ADVANCED_FACE ( 'NONE', ( #560 ), #1792, .F. ) ;
#1699 = DIRECTION ( 'NONE',  ( -1.000000000000000000, -0.000000000000000000, -3.491481338843133750E-15 ) ) ;
#1700 = ORIENTED_EDGE ( 'NONE', *, *, #1451, .F. ) ;
#1701 = LINE ( 'NONE', #2641, #96 ) ;
#1702 = ORIENTED_EDGE ( 'NONE', *, *, #1195, .T. ) ;
#1703 = ORIENTED_EDGE ( 'NONE', *, *, #395, .F. ) ;
#1704 = ORIENTED_EDGE ( 'NONE', *, *, #2084, .F. ) ;
#1705 = ADVANCED_FACE ( 'NONE', ( #838 ), #2294, .F. ) ;
#1706 = LINE ( 'NONE', #1688, #2035 ) ;
#1707 = CARTESIAN_POINT ( 'NONE',  ( 42.99999999999985789, -44.13512577292409844, -35.00000000000000000 ) ) ;
#1708 = ORIENTED_EDGE ( 'NONE', *, *, #705, .F. ) ;
#1709 = ORIENTED_EDGE ( 'NONE', *, *, #128, .T. ) ;
#1710 = CARTESIAN_POINT ( 'NONE',  ( -11.99999999999999822, -15.00000000000000000, 30.00000000000000000 ) ) ;
#1711 = DIRECTION ( 'NONE',  ( 0.000000000000000000, 0.000000000000000000, 1.000000000000000000 ) ) ;
#1712 = DIRECTION ( 'NONE',  ( 1.000000000000000000, 0.000000000000000000, 0.000000000000000000 ) ) ;
#1713 = EDGE_CURVE ( 'NONE', #2198, #2601, #1838, .T. ) ;
#1714 = AXIS2_PLACEMENT_3D ( 'NONE', #9, #2729, #2050 ) ;
#1715 = CARTESIAN_POINT ( 'NONE',  ( -15.00000000000000000, -15.00000000000000000, -30.00000000000000000 ) ) ;
#1716 = CARTESIAN_POINT ( 'NONE',  ( 64.00000000000027001, -60.00000000000000000, -11.99999999999977796 ) ) ;
#1717 = VERTEX_POINT ( 'NONE', #2774 ) ;
#1718 = EDGE_CURVE ( 'NONE', #2727, #965, #870, .T. ) ;
#1719 = DIRECTION ( 'NONE',  ( 0.000000000000000000, 0.000000000000000000, 1.000000000000000000 ) ) ;
#1720 = ORIENTED_EDGE ( 'NONE', *, *, #2816, .T. ) ;
#1721 = DIRECTION ( 'NONE',  ( 1.047444401652940007E-14, -0.000000000000000000, 1.000000000000000000 ) ) ;
#1722 = AXIS2_PLACEMENT_3D ( 'NONE', #1735, #415, #1418 ) ;
#1723 = FACE_OUTER_BOUND ( 'NONE', #2556, .T. ) ;
#1724 = ORIENTED_EDGE ( 'NONE', *, *, #2685, .T. ) ;
#1725 = VERTEX_POINT ( 'NONE', #69 ) ;
#1726 = DIRECTION ( 'NONE',  ( -1.000000000000000000, -0.000000000000000000, -3.491481338843133750E-15 ) ) ;
#1727 = LINE ( 'NONE', #704, #3043 ) ;
#1728 = CARTESIAN_POINT ( 'NONE',  ( 42.52184732581616800, 0.000000000000000000, -24.54999999999960636 ) ) ;
#1729 = DIRECTION ( 'NONE',  ( 0.000000000000000000, 0.000000000000000000, -1.000000000000000000 ) ) ;
#1730 = DIRECTION ( 'NONE',  ( 8.673617379884035472E-16, 0.000000000000000000, 1.000000000000000000 ) ) ;
#1731 = ORIENTED_EDGE ( 'NONE', *, *, #1321, .F. ) ;
#1732 = EDGE_LOOP ( 'NONE', ( #186, #1386, #2487, #1996 ) ) ;
#1733 = EDGE_LOOP ( 'NONE', ( #2644, #225, #1389, #1350 ) ) ;
#1734 = ORIENTED_EDGE ( 'NONE', *, *, #2753, .T. ) ;
#1735 = CARTESIAN_POINT ( 'NONE',  ( -35.00000000000000000, -80.00000000000000000, 35.00000000000000000 ) ) ;
#1736 = AXIS2_PLACEMENT_3D ( 'NONE', #1561, #2561, #529 ) ;
#1737 = AXIS2_PLACEMENT_3D ( 'NONE', #1130, #884, #1644 ) ;
#1738 = DIRECTION ( 'NONE',  ( -1.000000000000000000, 0.000000000000000000, 0.000000000000000000 ) ) ;
#1739 = ORIENTED_EDGE ( 'NONE', *, *, #3229, .T. ) ;
#1740 = VERTEX_POINT ( 'NONE', #1073 ) ;
#1741 = VECTOR ( 'NONE', #107, 1000.000000000000000 ) ;
#1742 = LINE ( 'NONE', #1965, #1795 ) ;
#1743 = DIRECTION ( 'NONE',  ( -0.000000000000000000, -1.000000000000000000, -0.000000000000000000 ) ) ;
#1744 = EDGE_CURVE ( 'NONE', #527, #1753, #2813, .T. ) ;
#1745 = CARTESIAN_POINT ( 'NONE',  ( 12.00000000000000000, 21.49999999999996803, -62.86493458200685325 ) ) ;
#1746 = CARTESIAN_POINT ( 'NONE',  ( -35.00000000000000000, -80.00000000000000000, -35.00000000000000000 ) ) ;
#1747 = DIRECTION ( 'NONE',  ( -0.000000000000000000, -0.000000000000000000, 1.000000000000000000 ) ) ;
#1748 = FACE_OUTER_BOUND ( 'NONE', #819, .T. ) ;
#1749 = EDGE_CURVE ( 'NONE', #932, #152, #2407, .T. ) ;
#1750 = AXIS2_PLACEMENT_3D ( 'NONE', #532, #1008, #253 ) ;
#1751 = ORIENTED_EDGE ( 'NONE', *, *, #1805, .T. ) ;
#1752 = EDGE_LOOP ( 'NONE', ( #683, #1521, #2253, #385, #1135, #328 ) ) ;
#1753 = VERTEX_POINT ( 'NONE', #2790 ) ;
#1754 = FACE_OUTER_BOUND ( 'NONE', #261, .T. ) ;
#1755 = VERTEX_POINT ( 'NONE', #2836 ) ;
#1756 = DIRECTION ( 'NONE',  ( -0.000000000000000000, -0.000000000000000000, 1.000000000000000000 ) ) ;
#1757 = CARTESIAN_POINT ( 'NONE',  ( 18.00000000000000355, -60.00000000000000000, 30.00000000000000000 ) ) ;
#1758 = CARTESIAN_POINT ( 'NONE',  ( -15.00000000000000355, -60.00000000000000000, -30.00000000000000000 ) ) ;
#1759 = FACE_BOUND ( 'NONE', #3033, .T. ) ;
#1760 = CIRCLE ( 'NONE', #3109, 2.999999999999999112 ) ;
#1761 = CARTESIAN_POINT ( 'NONE',  ( 12.00000000000000178, 22.54372202331508035, -62.73300012920117297 ) ) ;
#1762 = FACE_OUTER_BOUND ( 'NONE', #2111, .T. ) ;
#1763 = CARTESIAN_POINT ( 'NONE',  ( -35.00000000000000000, -15.00000000000000000, 17.99999999999987921 ) ) ;
#1764 = CARTESIAN_POINT ( 'NONE',  ( -30.00000000000000355, 0.000000000000000000, -30.00000000000000000 ) ) ;
#1765 = VECTOR ( 'NONE', #2847, 1000.000000000000000 ) ;
#1766 = DIRECTION ( 'NONE',  ( -0.000000000000000000, 1.000000000000000000, -0.000000000000000000 ) ) ;
#1767 = CARTESIAN_POINT ( 'NONE',  ( 0.000000000000000000, 0.000000000000000000, 0.000000000000000000 ) ) ;
#1768 = EDGE_LOOP ( 'NONE', ( #2254, #1429, #2412, #2710 ) ) ;
#1769 = ORIENTED_EDGE ( 'NONE', *, *, #1181, .F. ) ;
#1770 = ORIENTED_EDGE ( 'NONE', *, *, #643, .T. ) ;
#1771 = EDGE_CURVE ( 'NONE', #2170, #1071, #1598, .T. ) ;
#1772 = DIRECTION ( 'NONE',  ( 0.000000000000000000, 0.000000000000000000, 1.000000000000000000 ) ) ;
#1773 = ORIENTED_EDGE ( 'NONE', *, *, #2472, .T. ) ;
#1774 = VECTOR ( 'NONE', #154, 1000.000000000000000 ) ;
#1775 = DIRECTION ( 'NONE',  ( -0.000000000000000000, 1.000000000000000000, -0.000000000000000000 ) ) ;
#1776 = DIRECTION ( 'NONE',  ( 1.000000000000000000, 0.000000000000000000, 0.000000000000000000 ) ) ;
#1777 = DIRECTION ( 'NONE',  ( -1.000000000000000000, 0.000000000000000000, -0.000000000000000000 ) ) ;
#1778 = AXIS2_PLACEMENT_3D ( 'NONE', #1309, #2568, #2075 ) ;
#1779 = EDGE_CURVE ( 'NONE', #1439, #650, #2396, .T. ) ;
#1780 = DIRECTION ( 'NONE',  ( 0.000000000000000000, -1.000000000000000000, 0.000000000000000000 ) ) ;
#1781 = CARTESIAN_POINT ( 'NONE',  ( 64.00000000000029843, -60.00000000000000000, -17.99999999999977973 ) ) ;
#1782 = CARTESIAN_POINT ( 'NONE',  ( 15.00000000000000355, -60.00000000000000000, 35.00000000000000000 ) ) ;
#1783 = DIRECTION ( 'NONE',  ( 0.000000000000000000, 0.000000000000000000, -1.000000000000000000 ) ) ;
#1784 = CARTESIAN_POINT ( 'NONE',  ( 42.99999999999985789, 0.000000000000000000, -43.00000000000000000 ) ) ;
#1785 = CYLINDRICAL_SURFACE ( 'NONE', #3119, 3.250000000000002665 ) ;
#1786 = EDGE_LOOP ( 'NONE', ( #2491, #696, #1536, #3074 ) ) ;
#1787 = ORIENTED_EDGE ( 'NONE', *, *, #1905, .T. ) ;
#1788 = EDGE_CURVE ( 'NONE', #1396, #1755, #2857, .T. ) ;
#1789 = DIRECTION ( 'NONE',  ( 1.000000000000000000, 0.000000000000000000, -0.000000000000000000 ) ) ;
#1790 = EDGE_LOOP ( 'NONE', ( #1911, #1055, #1519, #2675, #1686 ) ) ;
#1791 = EDGE_CURVE ( 'NONE', #344, #1814, #2081, .T. ) ;
#1792 = PLANE ( 'NONE',  #982 ) ;
#1793 = CARTESIAN_POINT ( 'NONE',  ( -35.00000000000000000, -15.00000000000000000, -15.00000000000012079 ) ) ;
#1794 = CARTESIAN_POINT ( 'NONE',  ( -30.00000000000000000, -15.00000000000000000, 17.99999999999989697 ) ) ;
#1795 = VECTOR ( 'NONE', #720, 1000.000000000000114 ) ;
#1796 = DIRECTION ( 'NONE',  ( -0.000000000000000000, 1.000000000000000000, -0.000000000000000000 ) ) ;
#1797 = DIRECTION ( 'NONE',  ( 0.000000000000000000, 0.000000000000000000, 1.000000000000000000 ) ) ;
#1798 = DIRECTION ( 'NONE',  ( 0.000000000000000000, 0.000000000000000000, 1.000000000000000000 ) ) ;
#1799 = FACE_BOUND ( 'NONE', #859, .T. ) ;
#1800 = EDGE_CURVE ( 'NONE', #2676, #147, #196, .T. ) ;
#1801 = ORIENTED_EDGE ( 'NONE', *, *, #1625, .F. ) ;
#1802 = AXIS2_PLACEMENT_3D ( 'NONE', #907, #2700, #1904 ) ;
#1803 = EDGE_LOOP ( 'NONE', ( #1257, #1422 ) ) ;
#1804 = LINE ( 'NONE', #1018, #875 ) ;
#1805 = EDGE_CURVE ( 'NONE', #976, #897, #2342, .T. ) ;
#1806 = VERTEX_POINT ( 'NONE', #856 ) ;
#1807 = CARTESIAN_POINT ( 'NONE',  ( 34.99999999999999289, -79.99999999999998579, -26.68629150101524772 ) ) ;
#1808 = DIRECTION ( 'NONE',  ( 1.000000000000000000, 0.000000000000000000, 0.000000000000000000 ) ) ;
#1809 = DIRECTION ( 'NONE',  ( -0.000000000000000000, 1.000000000000000000, -0.000000000000000000 ) ) ;
#1810 = EDGE_CURVE ( 'NONE', #77, #1856, #349, .T. ) ;
#1811 = DIRECTION ( 'NONE',  ( -0.000000000000000000, -1.000000000000000000, -0.000000000000000000 ) ) ;
#1812 = CARTESIAN_POINT ( 'NONE',  ( 30.00000000000000355, -27.25000000000000355, -1.047444401652940259E-13 ) ) ;
#1813 = DIRECTION ( 'NONE',  ( 0.000000000000000000, 0.000000000000000000, 1.000000000000000000 ) ) ;
#1814 = VERTEX_POINT ( 'NONE', #1635 ) ;
#1815 = AXIS2_PLACEMENT_3D ( 'NONE', #1636, #2624, #3129 ) ;
#1816 = ORIENTED_EDGE ( 'NONE', *, *, #896, .F. ) ;
#1817 = ADVANCED_FACE ( 'NONE', ( #604 ), #101, .F. ) ;
#1818 = CARTESIAN_POINT ( 'NONE',  ( -12.00000000000000000, 23.95864343367738059, -62.01585111107151249 ) ) ;
#1819 = CARTESIAN_POINT ( 'NONE',  ( 35.00000000000000000, -60.00000000000000000, -14.99999999999987921 ) ) ;
#1820 = DIRECTION ( 'NONE',  ( -1.000000000000000000, 0.000000000000000000, 0.000000000000000000 ) ) ;
#1821 = EDGE_LOOP ( 'NONE', ( #2714, #2400, #2456, #1829 ) ) ;
#1822 = AXIS2_PLACEMENT_3D ( 'NONE', #914, #2712, #174 ) ;
#1823 = DIRECTION ( 'NONE',  ( -1.000000000000000000, -0.000000000000000000, -3.491481338843133750E-15 ) ) ;
#1824 = DIRECTION ( 'NONE',  ( -1.000000000000000000, -0.000000000000000000, -3.491481338843133750E-15 ) ) ;
#1825 = CIRCLE ( 'NONE', #988, 2.999999999999999112 ) ;
#1826 = CARTESIAN_POINT ( 'NONE',  ( 30.00000000000000000, -15.00000000000000000, 15.00000000000010481 ) ) ;
#1827 = CARTESIAN_POINT ( 'NONE',  ( 35.00000000000000000, 0.000000000000000000, -22.00000000000000355 ) ) ;
#1828 = CARTESIAN_POINT ( 'NONE',  ( -40.84991118348238359, -53.77420889560449524, 35.00000000000000711 ) ) ;
#1829 = ORIENTED_EDGE ( 'NONE', *, *, #367, .F. ) ;
#1830 = VECTOR ( 'NONE', #1796, 1000.000000000000000 ) ;
#1831 = ORIENTED_EDGE ( 'NONE', *, *, #3054, .F. ) ;
#1832 = EDGE_CURVE ( 'NONE', #965, #886, #2356, .T. ) ;
#1833 = VERTEX_POINT ( 'NONE', #118 ) ;
#1834 = CARTESIAN_POINT ( 'NONE',  ( 35.00000000000000000, -1.850413453435900827E-15, -3.666055405785290402E-13 ) ) ;
#1835 = DIRECTION ( 'NONE',  ( -1.000000000000000000, 0.000000000000000000, 0.000000000000000000 ) ) ;
#1836 = VERTEX_POINT ( 'NONE', #1119 ) ;
#1837 = ADVANCED_FACE ( 'NONE', ( #3105, #3115, #871, #2888, #1867 ), #2865, .F. ) ;
#1838 = LINE ( 'NONE', #1508, #93 ) ;
#1839 = DIRECTION ( 'NONE',  ( 1.047444401652940007E-14, 0.000000000000000000, 1.000000000000000000 ) ) ;
#1840 = LINE ( 'NONE', #2595, #1456 ) ;
#1841 = FACE_OUTER_BOUND ( 'NONE', #10, .T. ) ;
#1842 = CARTESIAN_POINT ( 'NONE',  ( 0.000000000000000000, -3.700826906871801654E-15, 0.000000000000000000 ) ) ;
#1843 = FACE_OUTER_BOUND ( 'NONE', #2354, .T. ) ;
#1844 = VERTEX_POINT ( 'NONE', #2879 ) ;
#1845 = AXIS2_PLACEMENT_3D ( 'NONE', #1047, #609, #565 ) ;
#1846 = VERTEX_POINT ( 'NONE', #1383 ) ;
#1847 = EDGE_CURVE ( 'NONE', #1421, #368, #1502, .T. ) ;
#1848 = DIRECTION ( 'NONE',  ( 0.000000000000000000, 0.000000000000000000, -1.000000000000000000 ) ) ;
#1849 = EDGE_LOOP ( 'NONE', ( #1977, #2747, #918, #2741 ) ) ;
#1850 = VERTEX_POINT ( 'NONE', #1897 ) ;
#1851 = ADVANCED_FACE ( 'NONE', ( #981 ), #211, .T. ) ;
#1852 = DIRECTION ( 'NONE',  ( -0.000000000000000000, -0.000000000000000000, 1.000000000000000000 ) ) ;
#1853 = VECTOR ( 'NONE', #2059, 1000.000000000000000 ) ;
#1854 = FACE_OUTER_BOUND ( 'NONE', #2688, .T. ) ;
#1855 = ORIENTED_EDGE ( 'NONE', *, *, #1670, .F. ) ;
#1856 = VERTEX_POINT ( 'NONE', #2902 ) ;
#1857 = CARTESIAN_POINT ( 'NONE',  ( 30.00000000000000355, -1.850413453435900827E-15, -3.142333204958820272E-13 ) ) ;
#1858 = CARTESIAN_POINT ( 'NONE',  ( 35.00000000000000000, -27.25000000000082778, -3.666055405785290402E-13 ) ) ;
#1859 = VERTEX_POINT ( 'NONE', #1469 ) ;
#1860 = AXIS2_PLACEMENT_3D ( 'NONE', #992, #2248, #2997 ) ;
#1861 = CYLINDRICAL_SURFACE ( 'NONE', #1359, 8.000000000000000000 ) ;
#1862 = CIRCLE ( 'NONE', #2693, 2.999999999999999112 ) ;
#1863 = FACE_BOUND ( 'NONE', #3049, .T. ) ;
#1864 = ORIENTED_EDGE ( 'NONE', *, *, #1909, .T. ) ;
#1865 = AXIS2_PLACEMENT_3D ( 'NONE', #245, #284, #1278 ) ;
#1866 = ORIENTED_EDGE ( 'NONE', *, *, #2058, .T. ) ;
#1867 = FACE_OUTER_BOUND ( 'NONE', #1915, .T. ) ;
#1868 = DIRECTION ( 'NONE',  ( -0.000000000000000000, 0.000000000000000000, 1.000000000000000000 ) ) ;
#1869 = ADVANCED_FACE ( 'NONE', ( #2200, #469, #3189, #1434, #3206 ), #3173, .F. ) ;
#1870 = ORIENTED_EDGE ( 'NONE', *, *, #3224, .F. ) ;
#1871 = ORIENTED_EDGE ( 'NONE', *, *, #921, .T. ) ;
#1872 = AXIS2_PLACEMENT_3D ( 'NONE', #193, #928, #2186 ) ;
#1873 = CARTESIAN_POINT ( 'NONE',  ( 29.99999999999985079, -44.13512577292380001, -43.00000000000002842 ) ) ;
#1874 = LINE ( 'NONE', #1358, #1608 ) ;
#1875 = AXIS2_PLACEMENT_3D ( 'NONE', #2942, #1231, #707 ) ;
#1876 = CIRCLE ( 'NONE', #571, 2.999999999999999112 ) ;
#1877 = CARTESIAN_POINT ( 'NONE',  ( -35.00000000000000000, -80.00000000000000000, -35.00000000000000000 ) ) ;
#1878 = CIRCLE ( 'NONE', #2872, 3.250000000000002665 ) ;
#1879 = VECTOR ( 'NONE', #531, 1000.000000000000000 ) ;
#1880 = LINE ( 'NONE', #2884, #1981 ) ;
#1881 = ADVANCED_FACE ( 'NONE', ( #2414, #960, #1155, #2434, #2219 ), #2453, .F. ) ;
#1882 = CARTESIAN_POINT ( 'NONE',  ( 15.00000000000000000, -15.00000000000000000, 35.00000000000000000 ) ) ;
#1883 = VERTEX_POINT ( 'NONE', #681 ) ;
#1884 = ORIENTED_EDGE ( 'NONE', *, *, #895, .F. ) ;
#1885 = EDGE_CURVE ( 'NONE', #1992, #886, #1706, .T. ) ;
#1886 = CARTESIAN_POINT ( 'NONE',  ( 43.00000000000000000, -80.00000000000000000, -30.00000000000000355 ) ) ;
#1887 = ORIENTED_EDGE ( 'NONE', *, *, #1011, .F. ) ;
#1888 = ORIENTED_EDGE ( 'NONE', *, *, #1579, .F. ) ;
#1889 = EDGE_CURVE ( 'NONE', #2580, #368, #1912, .T. ) ;
#1890 = AXIS2_PLACEMENT_3D ( 'NONE', #1490, #2040, #2494 ) ;
#1891 = EDGE_LOOP ( 'NONE', ( #2184, #2473 ) ) ;
#1892 = AXIS2_PLACEMENT_3D ( 'NONE', #867, #360, #2367 ) ;
#1893 = FACE_OUTER_BOUND ( 'NONE', #426, .T. ) ;
#1894 = EDGE_CURVE ( 'NONE', #2340, #1053, #1980, .T. ) ;
#1895 = DIRECTION ( 'NONE',  ( -1.000000000000000000, 0.000000000000000000, 0.000000000000000000 ) ) ;
#1896 = VERTEX_POINT ( 'NONE', #1203 ) ;
#1897 = CARTESIAN_POINT ( 'NONE',  ( 35.00000000000000000, 0.000000000000000000, 22.00000000000000711 ) ) ;
#1898 = EDGE_CURVE ( 'NONE', #1242, #2904, #2864, .T. ) ;
#1899 = DIRECTION ( 'NONE',  ( 0.000000000000000000, 0.000000000000000000, 1.000000000000000000 ) ) ;
#1900 = CIRCLE ( 'NONE', #2793, 8.000000000000000000 ) ;
#1901 = VERTEX_POINT ( 'NONE', #1188 ) ;
#1902 = ORIENTED_EDGE ( 'NONE', *, *, #2539, .T. ) ;
#1903 = DIRECTION ( 'NONE',  ( 0.000000000000000000, 0.000000000000000000, -1.000000000000000000 ) ) ;
#1904 = DIRECTION ( 'NONE',  ( -4.625929269271484533E-15, 0.000000000000000000, 1.000000000000000000 ) ) ;
#1905 = EDGE_CURVE ( 'NONE', #1937, #1421, #945, .T. ) ;
#1906 = DIRECTION ( 'NONE',  ( 0.000000000000000000, 0.000000000000000000, -1.000000000000000000 ) ) ;
#1907 = EDGE_CURVE ( 'NONE', #1692, #845, #403, .T. ) ;
#1908 = FACE_OUTER_BOUND ( 'NONE', #417, .T. ) ;
#1909 = EDGE_CURVE ( 'NONE', #1276, #2451, #2469, .T. ) ;
#1910 = CARTESIAN_POINT ( 'NONE',  ( 3.980102097228900204E-16, -75.00000000000001421, 45.85000000000000142 ) ) ;
#1911 = ORIENTED_EDGE ( 'NONE', *, *, #161, .F. ) ;
#1912 = LINE ( 'NONE', #662, #1666 ) ;
#1913 = VECTOR ( 'NONE', #2263, 1000.000000000000000 ) ;
#1914 = CARTESIAN_POINT ( 'NONE',  ( 43.00000000000045475, -80.00000000000000000, 43.00000000000000000 ) ) ;
#1915 = EDGE_LOOP ( 'NONE', ( #2881, #1963, #983, #2935 ) ) ;
#1916 = ORIENTED_EDGE ( 'NONE', *, *, #2235, .T. ) ;
#1917 = LINE ( 'NONE', #1146, #1645 ) ;
#1918 = LINE ( 'NONE', #968, #383 ) ;
#1919 = VECTOR ( 'NONE', #2678, 1000.000000000000000 ) ;
#1920 = CARTESIAN_POINT ( 'NONE',  ( 11.99999999999999822, 24.69418103392957420, -61.25739459536187326 ) ) ;
#1921 = CARTESIAN_POINT ( 'NONE',  ( 35.00000000000045475, -44.13512577292143391, 43.00000000000008527 ) ) ;
#1922 = CIRCLE ( 'NONE', #1248, 2.999999999999999112 ) ;
#1923 = CARTESIAN_POINT ( 'NONE',  ( 22.00000000000045119, -80.00000000000000000, 35.00000000000000000 ) ) ;
#1924 = ORIENTED_EDGE ( 'NONE', *, *, #1573, .T. ) ;
#1925 = CARTESIAN_POINT ( 'NONE',  ( 64.00000000000015632, -15.00000000000000000, 18.00000000000022382 ) ) ;
#1926 = CIRCLE ( 'NONE', #1364, 3.000000000000000888 ) ;
#1927 = DIRECTION ( 'NONE',  ( -1.000000000000000000, -0.000000000000000000, -3.491481338843133750E-15 ) ) ;
#1928 = ORIENTED_EDGE ( 'NONE', *, *, #827, .F. ) ;
#1929 = EDGE_CURVE ( 'NONE', #964, #1276, #2653, .T. ) ;
#1930 = ORIENTED_EDGE ( 'NONE', *, *, #422, .T. ) ;
#1931 = CARTESIAN_POINT ( 'NONE',  ( -35.00000000000000000, -53.77420889560522710, 40.84991118348257544 ) ) ;
#1932 = FACE_OUTER_BOUND ( 'NONE', #998, .T. ) ;
#1933 = LINE ( 'NONE', #689, #3188 ) ;
#1934 = DIRECTION ( 'NONE',  ( -4.625929269271484533E-15, 0.000000000000000000, 1.000000000000000000 ) ) ;
#1935 = DIRECTION ( 'NONE',  ( -1.000000000000000000, -0.000000000000000000, -3.491481338843133750E-15 ) ) ;
#1936 = EDGE_CURVE ( 'NONE', #144, #1856, #735, .T. ) ;
#1937 = VERTEX_POINT ( 'NONE', #699 ) ;
#1938 = EDGE_LOOP ( 'NONE', ( #3131, #2649, #1988, #2505, #280, #941, #33 ) ) ;
#1939 = CARTESIAN_POINT ( 'NONE',  ( 35.00000000000000000, -80.00000000000000000, 22.00000000000000711 ) ) ;
#1940 = ORIENTED_EDGE ( 'NONE', *, *, #1011, .T. ) ;
#1941 = VECTOR ( 'NONE', #2, 1000.000000000000114 ) ;
#1942 = ORIENTED_EDGE ( 'NONE', *, *, #2711, .T. ) ;
#1943 = DIRECTION ( 'NONE',  ( 0.000000000000000000, -1.000000000000000000, -0.000000000000000000 ) ) ;
#1944 = EDGE_CURVE ( 'NONE', #597, #1053, #714, .T. ) ;
#1945 = CIRCLE ( 'NONE', #3093, 3.000000000000002665 ) ;
#1946 = DIRECTION ( 'NONE',  ( 0.000000000000000000, 0.000000000000000000, -1.000000000000000000 ) ) ;
#1947 = EDGE_LOOP ( 'NONE', ( #2232, #854, #1523, #1160 ) ) ;
#1948 = ADVANCED_FACE ( 'NONE', ( #1221 ), #2967, .F. ) ;
#1949 = ORIENTED_EDGE ( 'NONE', *, *, #2661, .F. ) ;
#1950 = FACE_BOUND ( 'NONE', #1260, .T. ) ;
#1951 = VECTOR ( 'NONE', #2054, 1000.000000000000000 ) ;
#1952 = CARTESIAN_POINT ( 'NONE',  ( -52.84475796423749472, -1.850413453435900827E-15, 0.000000000000000000 ) ) ;
#1953 = CARTESIAN_POINT ( 'NONE',  ( 11.99999999999999822, 25.10175967213903903, -60.58248361756592715 ) ) ;
#1954 = CARTESIAN_POINT ( 'NONE',  ( -42.52184732581581983, -75.00000000000001421, -27.80000000000019966 ) ) ;
#1955 = ORIENTED_EDGE ( 'NONE', *, *, #3132, .T. ) ;
#1956 = DIRECTION ( 'NONE',  ( -0.2127261469941258698, 0.9536745633443654002, 0.2127261469941281180 ) ) ;
#1957 = VERTEX_POINT ( 'NONE', #178 ) ;
#1958 = DIRECTION ( 'NONE',  ( 0.2127261469941260641, 0.9536745633443662884, 0.2127261469941238159 ) ) ;
#1959 = ORIENTED_EDGE ( 'NONE', *, *, #2461, .T. ) ;
#1960 = ORIENTED_EDGE ( 'NONE', *, *, #2686, .F. ) ;
#1961 = DIRECTION ( 'NONE',  ( -1.000000000000000000, -0.000000000000000000, -3.491481338843133750E-15 ) ) ;
#1962 = FACE_OUTER_BOUND ( 'NONE', #930, .T. ) ;
#1963 = ORIENTED_EDGE ( 'NONE', *, *, #995, .F. ) ;
#1964 = CARTESIAN_POINT ( 'NONE',  ( 35.00000000000000000, -60.00000000000000000, 12.00000000000012434 ) ) ;
#1965 = CARTESIAN_POINT ( 'NONE',  ( 35.00000000000000000, -80.00000000000000000, -30.00000000000000355 ) ) ;
#1966 = AXIS2_PLACEMENT_3D ( 'NONE', #477, #836, #1835 ) ;
#1967 = CYLINDRICAL_SURFACE ( 'NONE', #1802, 3.000000000000000888 ) ;
#1968 = EDGE_CURVE ( 'NONE', #400, #2645, #2748, .T. ) ;
#1969 = VECTOR ( 'NONE', #1259, 1000.000000000000000 ) ;
#1970 = FACE_OUTER_BOUND ( 'NONE', #1235, .T. ) ;
#1971 = PLANE ( 'NONE',  #2133 ) ;
#1972 = CARTESIAN_POINT ( 'NONE',  ( -37.34314575050776597, -69.49542154529127913, -37.34314575050763096 ) ) ;
#1973 = CARTESIAN_POINT ( 'NONE',  ( 34.99999999999987921, -80.00000000000000000, -35.00000000000012790 ) ) ;
#1974 = CARTESIAN_POINT ( 'NONE',  ( -35.00000000000000000, -60.00000000000000000, -15.00000000000012434 ) ) ;
#1975 = ORIENTED_EDGE ( 'NONE', *, *, #1528, .T. ) ;
#1976 = DIRECTION ( 'NONE',  ( 1.000000000000000000, 0.000000000000000000, 0.000000000000000000 ) ) ;
#1977 = ORIENTED_EDGE ( 'NONE', *, *, #2093, .F. ) ;
#1978 = ORIENTED_EDGE ( 'NONE', *, *, #3054, .T. ) ;
#1979 = EDGE_LOOP ( 'NONE', ( #1831, #1433, #221, #2034, #755, #283, #81 ) ) ;
#1980 = LINE ( 'NONE', #1171, #1919 ) ;
#1981 = VECTOR ( 'NONE', #2876, 1000.000000000000000 ) ;
#1982 = CARTESIAN_POINT ( 'NONE',  ( -43.00000000000000000, -1.850413453435900827E-15, -30.00000000000000355 ) ) ;
#1983 = ADVANCED_FACE ( 'NONE', ( #1331 ), #2094, .F. ) ;
#1984 = ORIENTED_EDGE ( 'NONE', *, *, #2156, .F. ) ;
#1985 = DIRECTION ( 'NONE',  ( -0.000000000000000000, 1.000000000000000000, -0.000000000000000000 ) ) ;
#1986 = CARTESIAN_POINT ( 'NONE',  ( -43.00000000000000000, 0.000000000000000000, 43.00000000000000711 ) ) ;
#1987 = EDGE_CURVE ( 'NONE', #661, #1740, #2830, .T. ) ;
#1988 = ORIENTED_EDGE ( 'NONE', *, *, #2474, .T. ) ;
#1989 = CARTESIAN_POINT ( 'NONE',  ( 12.00000000000000178, 23.28822147174778578, -62.44523350192828559 ) ) ;
#1990 = CARTESIAN_POINT ( 'NONE',  ( 35.00000000000000000, -60.00000000000000000, -11.99999999999987921 ) ) ;
#1991 = PLANE ( 'NONE',  #475 ) ;
#1992 = VERTEX_POINT ( 'NONE', #345 ) ;
#1993 = DIRECTION ( 'NONE',  ( 0.000000000000000000, 0.000000000000000000, -1.000000000000000000 ) ) ;
#1994 = PRODUCT ( '\X2\96f78fbe5e955ea7\X0\', '\X2\96f78fbe5e955ea7\X0\', '', ( #1415 ) ) ;
#1995 = ORIENTED_EDGE ( 'NONE', *, *, #2370, .T. ) ;
#1996 = ORIENTED_EDGE ( 'NONE', *, *, #3087, .F. ) ;
#1997 = CIRCLE ( 'NONE', #2404, 8.000000000000000000 ) ;
#1998 = CARTESIAN_POINT ( 'NONE',  ( -37.34314575050776597, -69.49542154529127913, -37.34314575050763096 ) ) ;
#1999 = EDGE_LOOP ( 'NONE', ( #617, #1770 ) ) ;
#2000 = CIRCLE ( 'NONE', #2201, 64.00000000000000000 ) ;
#2001 = DIRECTION ( 'NONE',  ( 0.000000000000000000, -1.000000000000000000, 0.000000000000000000 ) ) ;
#2002 = EDGE_CURVE ( 'NONE', #1066, #2170, #963, .T. ) ;
#2003 = DIRECTION ( 'NONE',  ( 0.000000000000000000, -1.000000000000000000, 0.000000000000000000 ) ) ;
#2004 = CARTESIAN_POINT ( 'NONE',  ( -30.00000000000000355, 0.000000000000000000, -30.00000000000000000 ) ) ;
#2005 = CARTESIAN_POINT ( 'NONE',  ( 21.99999999999985434, -80.00000000000000000, -35.00000000000000000 ) ) ;
#2006 = CIRCLE ( 'NONE', #1121, 59.00000000000000000 ) ;
#2007 = CARTESIAN_POINT ( 'NONE',  ( -35.00000000000000000, -80.00000000000000000, 22.00000000000000711 ) ) ;
#2008 = CARTESIAN_POINT ( 'NONE',  ( 3.980102097228898231E-16, 4.999999999999996447, -3.250000000000000444 ) ) ;
#2009 = DIRECTION ( 'NONE',  ( 0.000000000000000000, 0.000000000000000000, -1.000000000000000000 ) ) ;
#2010 = DIRECTION ( 'NONE',  ( -0.000000000000000000, -1.000000000000000000, -0.000000000000000000 ) ) ;
#2011 = LINE ( 'NONE', #763, #282 ) ;
#2012 = CARTESIAN_POINT ( 'NONE',  ( 52.84475796423748761, -9.252067267179504135E-16, 35.00000000000000000 ) ) ;
#2013 = EDGE_CURVE ( 'NONE', #1896, #1634, #1922, .T. ) ;
#2014 = ORIENTED_EDGE ( 'NONE', *, *, #43, .T. ) ;
#2015 = AXIS2_PLACEMENT_3D ( 'NONE', #3121, #2628, #393 ) ;
#2016 = ORIENTED_EDGE ( 'NONE', *, *, #1335, .F. ) ;
#2017 = ORIENTED_EDGE ( 'NONE', *, *, #1548, .T. ) ;
#2018 = DIRECTION ( 'NONE',  ( -0.000000000000000000, 1.000000000000000000, 0.000000000000000000 ) ) ;
#2019 = EDGE_CURVE ( 'NONE', #2384, #472, #1378, .T. ) ;
#2020 = CARTESIAN_POINT ( 'NONE',  ( 0.000000000000000000, -27.25000000000027356, 35.00000000000000000 ) ) ;
#2021 = ORIENTED_EDGE ( 'NONE', *, *, #525, .T. ) ;
#2022 = DIRECTION ( 'NONE',  ( 0.000000000000000000, 0.000000000000000000, 1.000000000000000000 ) ) ;
#2023 = CARTESIAN_POINT ( 'NONE',  ( -43.00000000000000000, -44.13512577292345185, 30.00000000000000355 ) ) ;
#2024 = DIRECTION ( 'NONE',  ( 3.407733626563535326E-15, 0.2177091034974870110, 0.9760137018783704432 ) ) ;
#2025 = AXIS2_PLACEMENT_3D ( 'NONE', #16, #1510, #3011 ) ;
#2026 = DIRECTION ( 'NONE',  ( 0.2177091034974870110, 0.9760137018783704432, 0.000000000000000000 ) ) ;
#2027 = DIRECTION ( 'NONE',  ( -0.000000000000000000, 0.000000000000000000, 1.000000000000000000 ) ) ;
#2028 = DIRECTION ( 'NONE',  ( -0.000000000000000000, 0.000000000000000000, 1.000000000000000000 ) ) ;
#2029 = CARTESIAN_POINT ( 'NONE',  ( 15.00000000000000000, -15.00000000000000000, -30.00000000000000000 ) ) ;
#2030 = AXIS2_PLACEMENT_3D ( 'NONE', #1882, #1392, #574 ) ;
#2031 = CARTESIAN_POINT ( 'NONE',  ( -52.84475796423748761, -9.252067267179504135E-16, -30.00000000000000355 ) ) ;
#2032 = ADVANCED_FACE ( 'NONE', ( #2509 ), #1861, .F. ) ;
#2033 = CARTESIAN_POINT ( 'NONE',  ( 0.000000000000000000, -1.850413453435900827E-15, -30.00000000000000355 ) ) ;
#2034 = ORIENTED_EDGE ( 'NONE', *, *, #2711, .F. ) ;
#2035 = VECTOR ( 'NONE', #1721, 1000.000000000000000 ) ;
#2036 = DIRECTION ( 'NONE',  ( -3.491481338843133355E-15, 0.000000000000000000, -1.000000000000000000 ) ) ;
#2037 = ORIENTED_EDGE ( 'NONE', *, *, #2618, .F. ) ;
#2038 = AXIS2_PLACEMENT_3D ( 'NONE', #1183, #2137, #3123 ) ;
#2039 = DIRECTION ( 'NONE',  ( 0.000000000000000000, 0.000000000000000000, 1.000000000000000000 ) ) ;
#2040 = DIRECTION ( 'NONE',  ( 0.000000000000000000, 1.000000000000000000, 0.000000000000000000 ) ) ;
#2041 = CARTESIAN_POINT ( 'NONE',  ( 64.00000000000017053, -15.00000000000000000, 15.00000000000022382 ) ) ;
#2042 = CIRCLE ( 'NONE', #620, 64.00000000000000000 ) ;
#2043 = EDGE_CURVE ( 'NONE', #1277, #231, #1067, .T. ) ;
#2044 = FACE_OUTER_BOUND ( 'NONE', #2667, .T. ) ;
#2045 = CYLINDRICAL_SURFACE ( 'NONE', #2528, 8.000000000000000000 ) ;
#2046 = DIRECTION ( 'NONE',  ( 1.000000000000000000, 0.000000000000000000, 0.000000000000000000 ) ) ;
#2047 = VERTEX_POINT ( 'NONE', #358 ) ;
#2048 = EDGE_CURVE ( 'NONE', #648, #2818, #2846, .T. ) ;
#2049 = EDGE_LOOP ( 'NONE', ( #1671, #2508, #1173, #904 ) ) ;
#2050 = DIRECTION ( 'NONE',  ( -4.625929269271484533E-15, 0.000000000000000000, 1.000000000000000000 ) ) ;
#2051 = ORIENTED_EDGE ( 'NONE', *, *, #2753, .F. ) ;
#2052 = EDGE_CURVE ( 'NONE', #1836, #661, #2571, .T. ) ;
#2053 = CARTESIAN_POINT ( 'NONE',  ( -29.99999999999955236, -44.13512577292448213, 43.00000000000008527 ) ) ;
#2054 = DIRECTION ( 'NONE',  ( 0.000000000000000000, -0.000000000000000000, 1.000000000000000000 ) ) ;
#2055 = CARTESIAN_POINT ( 'NONE',  ( -30.00000000000000355, -80.00000000000000000, -30.00000000000000000 ) ) ;
#2056 = CARTESIAN_POINT ( 'NONE',  ( 12.00000000000000178, 22.02700586949854156, -62.83833942235421688 ) ) ;
#2057 = CARTESIAN_POINT ( 'NONE',  ( 37.34314575050804308, -69.49542154529002858, 37.34314575050765228 ) ) ;
#2058 = EDGE_CURVE ( 'NONE', #538, #18, #1630, .T. ) ;
#2059 = DIRECTION ( 'NONE',  ( -1.000000000000000000, -0.000000000000000000, 3.491481338843133355E-15 ) ) ;
#2060 = CARTESIAN_POINT ( 'NONE',  ( -18.00000000000000355, -15.00000000000000000, -30.00000000000000000 ) ) ;
#2061 = DIRECTION ( 'NONE',  ( -1.000000000000000000, 0.000000000000000000, 0.000000000000000000 ) ) ;
#2062 = VERTEX_POINT ( 'NONE', #2365 ) ;
#2063 = VECTOR ( 'NONE', #2717, 1000.000000000000114 ) ;
#2064 = ORIENTED_EDGE ( 'NONE', *, *, #2351, .T. ) ;
#2065 = CARTESIAN_POINT ( 'NONE',  ( 42.52184732581616800, -75.00000000000001421, -24.54999999999960636 ) ) ;
#2066 = EDGE_LOOP ( 'NONE', ( #978, #362, #361, #2848, #3113, #3107, #943 ) ) ;
#2067 = DIRECTION ( 'NONE',  ( 0.000000000000000000, 0.000000000000000000, 1.000000000000000000 ) ) ;
#2068 = LINE ( 'NONE', #1004, #2642 ) ;
#2069 = DIRECTION ( 'NONE',  ( -0.000000000000000000, 0.000000000000000000, 1.000000000000000000 ) ) ;
#2070 = EDGE_CURVE ( 'NONE', #12, #1404, #79, .T. ) ;
#2071 = DIRECTION ( 'NONE',  ( -1.047444401652940007E-14, 0.000000000000000000, -1.000000000000000000 ) ) ;
#2072 = DIRECTION ( 'NONE',  ( -1.000000000000000000, -0.000000000000000000, -3.491481338843133750E-15 ) ) ;
#2073 = CARTESIAN_POINT ( 'NONE',  ( 15.00000000000000000, -15.00000000000000000, -64.00000000000000000 ) ) ;
#2074 = ORIENTED_EDGE ( 'NONE', *, *, #827, .T. ) ;
#2075 = DIRECTION ( 'NONE',  ( 0.000000000000000000, 0.000000000000000000, 1.000000000000000000 ) ) ;
#2076 = ORIENTED_EDGE ( 'NONE', *, *, #1810, .F. ) ;
#2077 = AXIS2_PLACEMENT_3D ( 'NONE', #1472, #2665, #435 ) ;
#2078 = ORIENTED_EDGE ( 'NONE', *, *, #1684, .T. ) ;
#2079 = DIRECTION ( 'NONE',  ( -0.000000000000000000, 1.000000000000000000, -0.000000000000000000 ) ) ;
#2080 = EDGE_LOOP ( 'NONE', ( #2233, #1628, #832, #2393 ) ) ;
#2081 = CIRCLE ( 'NONE', #44, 2.999999999999999112 ) ;
#2082 = CARTESIAN_POINT ( 'NONE',  ( -35.00000000000000000, -80.00000000000000000, -35.00000000000000000 ) ) ;
#2083 = DIRECTION ( 'NONE',  ( 0.000000000000000000, 0.000000000000000000, -1.000000000000000000 ) ) ;
#2084 = EDGE_CURVE ( 'NONE', #2658, #1661, #2603, .T. ) ;
#2085 = AXIS2_PLACEMENT_3D ( 'NONE', #2449, #642, #2632 ) ;
#2086 = ORIENTED_EDGE ( 'NONE', *, *, #1944, .F. ) ;
#2087 = VECTOR ( 'NONE', #91, 1000.000000000000000 ) ;
#2088 = CARTESIAN_POINT ( 'NONE',  ( -43.00000000000015632, -80.00000000000000000, -43.00000000000000000 ) ) ;
#2089 = EDGE_CURVE ( 'NONE', #1634, #1896, #251, .T. ) ;
#2090 = CARTESIAN_POINT ( 'NONE',  ( 15.00000000000000355, -60.00000000000000000, -64.00000000000000000 ) ) ;
#2091 = EDGE_LOOP ( 'NONE', ( #1942, #131, #1115, #334, #2350, #482, #2374, #3202, #1995, #111, #785, #713 ) ) ;
#2092 = ORIENTED_EDGE ( 'NONE', *, *, #3190, .F. ) ;
#2093 = EDGE_CURVE ( 'NONE', #246, #197, #969, .T. ) ;
#2094 = CYLINDRICAL_SURFACE ( 'NONE', #3162, 3.249999999999999556 ) ;
#2095 = CYLINDRICAL_SURFACE ( 'NONE', #3009, 3.250000000000000444 ) ;
#2096 = ORIENTED_EDGE ( 'NONE', *, *, #1470, .T. ) ;
#2097 = EDGE_LOOP ( 'NONE', ( #979, #1709, #486 ) ) ;
#2098 = CARTESIAN_POINT ( 'NONE',  ( -35.00000000000000000, -80.00000000000000000, -30.00000000000000355 ) ) ;
#2099 = DIRECTION ( 'NONE',  ( 1.000000000000000000, 0.000000000000000000, 0.000000000000000000 ) ) ;
#2100 = ORIENTED_EDGE ( 'NONE', *, *, #2273, .T. ) ;
#2101 = ORIENTED_EDGE ( 'NONE', *, *, #2293, .F. ) ;
#2102 =( BOUNDED_CURVE ( )  B_SPLINE_CURVE ( 3, ( #1576, #759, #1229, #1595 ),
 .UNSPECIFIED., .F., .F. ) 
 B_SPLINE_CURVE_WITH_KNOTS ( ( 4, 4 ),
 ( 1.570796326794897002, 3.141592653589789563 ),
 .UNSPECIFIED. ) 
 CURVE ( )  GEOMETRIC_REPRESENTATION_ITEM ( )  RATIONAL_B_SPLINE_CURVE ( ( 1.000000000000000000, 0.8047378541243658256, 0.8047378541243658256, 1.000000000000000000 ) ) 
 REPRESENTATION_ITEM ( '' )  );
#2103 = CYLINDRICAL_SURFACE ( 'NONE', #2363, 2.999999999999999112 ) ;
#2104 = CIRCLE ( 'NONE', #2575, 8.000000000000000000 ) ;
#2105 = DIRECTION ( 'NONE',  ( 2.280381816473232311E-15, 0.9760137018783704432, 0.2177091034974870110 ) ) ;
#2106 = ORIENTED_EDGE ( 'NONE', *, *, #1800, .T. ) ;
#2107 = CARTESIAN_POINT ( 'NONE',  ( -12.00000000000000000, 22.02725866216795936, -62.86493458200685325 ) ) ;
#2108 = CIRCLE ( 'NONE', #2532, 8.000000000000000000 ) ;
#2109 = EDGE_CURVE ( 'NONE', #2920, #2739, #1189, .T. ) ;
#2110 = DIRECTION ( 'NONE',  ( 0.000000000000000000, -0.000000000000000000, 1.000000000000000000 ) ) ;
#2111 = EDGE_LOOP ( 'NONE', ( #751, #3092, #2017 ) ) ;
#2112 = ORIENTED_EDGE ( 'NONE', *, *, #1541, .F. ) ;
#2113 = EDGE_CURVE ( 'NONE', #1850, #246, #2379, .T. ) ;
#2114 = DIRECTION ( 'NONE',  ( -1.000000000000000000, 0.000000000000000000, 0.000000000000000000 ) ) ;
#2115 = AXIS2_PLACEMENT_3D ( 'NONE', #1812, #2347, #2811 ) ;
#2116 = DIRECTION ( 'NONE',  ( 0.000000000000000000, 1.000000000000000000, 0.000000000000000000 ) ) ;
#2117 = ORIENTED_EDGE ( 'NONE', *, *, #1596, .T. ) ;
#2118 = EDGE_CURVE ( 'NONE', #1856, #3036, #2689, .T. ) ;
#2119 = VERTEX_POINT ( 'NONE', #3149 ) ;
#2120 = PLANE ( 'NONE',  #2115 ) ;
#2121 = CARTESIAN_POINT ( 'NONE',  ( 12.00000000000000355, -60.00000000000000000, 30.00000000000000000 ) ) ;
#2122 = ADVANCED_FACE ( 'NONE', ( #1908 ), #1140, .F. ) ;
#2123 = CARTESIAN_POINT ( 'NONE',  ( 12.00000000000000355, -60.00000000000000000, -64.00000000000000000 ) ) ;
#2124 = AXIS2_PLACEMENT_3D ( 'NONE', #2141, #351, #1899 ) ;
#2125 = FACE_OUTER_BOUND ( 'NONE', #3156, .T. ) ;
#2126 = EDGE_CURVE ( 'NONE', #28, #2833, #1701, .T. ) ;
#2127 = ORIENTED_EDGE ( 'NONE', *, *, #206, .F. ) ;
#2128 = ORIENTED_EDGE ( 'NONE', *, *, #2043, .T. ) ;
#2129 = DIRECTION ( 'NONE',  ( 2.280381816473232311E-15, 0.9760137018783704432, 0.2177091034974870110 ) ) ;
#2130 = DIRECTION ( 'NONE',  ( 0.000000000000000000, 1.000000000000000000, 0.000000000000000000 ) ) ;
#2131 = VERTEX_POINT ( 'NONE', #2392 ) ;
#2132 = EDGE_CURVE ( 'NONE', #1836, #1740, #1880, .T. ) ;
#2133 = AXIS2_PLACEMENT_3D ( 'NONE', #2779, #493, #2027 ) ;
#2134 = VECTOR ( 'NONE', #1197, 1000.000000000000000 ) ;
#2135 = ORIENTED_EDGE ( 'NONE', *, *, #2570, .T. ) ;
#2136 = AXIS2_PLACEMENT_3D ( 'NONE', #2534, #1024, #2497 ) ;
#2137 = DIRECTION ( 'NONE',  ( -1.000000000000000000, -0.000000000000000000, -3.491481338843133750E-15 ) ) ;
#2138 = EDGE_CURVE ( 'NONE', #1520, #637, #2180, .T. ) ;
#2139 = VERTEX_POINT ( 'NONE', #656 ) ;
#2140 = CARTESIAN_POINT ( 'NONE',  ( -35.00000000000000000, -80.00000000000000000, -35.00000000000000000 ) ) ;
#2141 = CARTESIAN_POINT ( 'NONE',  ( -30.00000000000000000, -60.00000000000000000, 14.99999999999989875 ) ) ;
#2142 = ORIENTED_EDGE ( 'NONE', *, *, #1779, .T. ) ;
#2143 = EDGE_CURVE ( 'NONE', #3153, #1563, #1668, .T. ) ;
#2144 = ORIENTED_EDGE ( 'NONE', *, *, #2520, .T. ) ;
#2145 = EDGE_CURVE ( 'NONE', #1520, #12, #1825, .T. ) ;
#2146 = DIRECTION ( 'NONE',  ( -1.000000000000000000, 0.000000000000000000, 0.000000000000000000 ) ) ;
#2147 = CARTESIAN_POINT ( 'NONE',  ( -12.00000000000000000, 25.49999999999999645, -58.78775382679624073 ) ) ;
#2148 = AXIS2_PLACEMENT_3D ( 'NONE', #894, #2401, #2421 ) ;
#2149 = EDGE_LOOP ( 'NONE', ( #1984, #6, #1607, #2591 ) ) ;
#2150 = ORIENTED_EDGE ( 'NONE', *, *, #2861, .F. ) ;
#2151 = CARTESIAN_POINT ( 'NONE',  ( 35.00000000000000000, -80.00000000000000000, -35.00000000000000000 ) ) ;
#2152 = LINE ( 'NONE', #455, #394 ) ;
#2153 = ORIENTED_EDGE ( 'NONE', *, *, #2126, .T. ) ;
#2154 = ORIENTED_EDGE ( 'NONE', *, *, #1154, .T. ) ;
#2155 = CARTESIAN_POINT ( 'NONE',  ( 0.000000000000000000, 0.000000000000000000, 0.000000000000000000 ) ) ;
#2156 = EDGE_CURVE ( 'NONE', #1474, #1296, #910, .T. ) ;
#2157 = CARTESIAN_POINT ( 'NONE',  ( 12.00000000000000178, 25.47444709763379933, -59.31827902013005627 ) ) ;
#2158 = VERTEX_POINT ( 'NONE', #207 ) ;
#2159 = CARTESIAN_POINT ( 'NONE',  ( -12.00000000000000355, -60.00000000000000000, 30.00000000000000000 ) ) ;
#2160 = ORIENTED_EDGE ( 'NONE', *, *, #62, .T. ) ;
#2161 = AXIS2_PLACEMENT_3D ( 'NONE', #1782, #762, #2780 ) ;
#2162 = EDGE_CURVE ( 'NONE', #3218, #2485, #359, .T. ) ;
#2163 = ORIENTED_EDGE ( 'NONE', *, *, #384, .T. ) ;
#2164 = ORIENTED_EDGE ( 'NONE', *, *, #1898, .T. ) ;
#2165 = AXIS2_PLACEMENT_3D ( 'NONE', #2278, #1491, #2244 ) ;
#2166 = DIRECTION ( 'NONE',  ( 1.000000000000000000, 0.000000000000000000, 0.000000000000000000 ) ) ;
#2167 = AXIS2_PLACEMENT_3D ( 'NONE', #3112, #2079, #616 ) ;
#2168 = DIRECTION ( 'NONE',  ( -1.000000000000000000, -0.000000000000000000, -0.000000000000000000 ) ) ;
#2169 = ORIENTED_EDGE ( 'NONE', *, *, #1037, .T. ) ;
#2170 = VERTEX_POINT ( 'NONE', #2147 ) ;
#2171 = DIRECTION ( 'NONE',  ( 0.000000000000000000, 1.000000000000000000, 0.000000000000000000 ) ) ;
#2172 = CARTESIAN_POINT ( 'NONE',  ( -35.00000000000000000, -80.00000000000000000, 35.00000000000000000 ) ) ;
#2173 = CARTESIAN_POINT ( 'NONE',  ( -34.99999999999963762, -80.00000000000000000, 35.00000000000036948 ) ) ;
#2174 = VECTOR ( 'NONE', #1156, 1000.000000000000114 ) ;
#2175 = EDGE_CURVE ( 'NONE', #1474, #1317, #2672, .T. ) ;
#2176 = CARTESIAN_POINT ( 'NONE',  ( 11.99999999999999822, 23.52348771908313552, -62.31549830533867151 ) ) ;
#2177 = DIRECTION ( 'NONE',  ( 1.000000000000000000, 0.000000000000000000, 0.000000000000000000 ) ) ;
#2178 = ADVANCED_FACE ( 'NONE', ( #3135 ), #187, .F. ) ;
#2179 = VECTOR ( 'NONE', #2738, 1000.000000000000000 ) ;
#2180 = LINE ( 'NONE', #1168, #1243 ) ;
#2181 = EDGE_LOOP ( 'NONE', ( #746, #1902, #3137 ) ) ;
#2182 = AXIS2_PLACEMENT_3D ( 'NONE', #568, #1079, #2553 ) ;
#2183 = EDGE_CURVE ( 'NONE', #1354, #733, #411, .T. ) ;
#2184 = ORIENTED_EDGE ( 'NONE', *, *, #658, .T. ) ;
#2185 = VERTEX_POINT ( 'NONE', #172 ) ;
#2186 = DIRECTION ( 'NONE',  ( 0.000000000000000000, 0.000000000000000000, 1.000000000000000000 ) ) ;
#2187 = DIRECTION ( 'NONE',  ( 1.000000000000000000, 0.000000000000000000, 0.000000000000000000 ) ) ;
#2188 = VERTEX_POINT ( 'NONE', #2159 ) ;
#2189 = CARTESIAN_POINT ( 'NONE',  ( -18.00000000000000355, -60.00000000000000000, -30.00000000000000000 ) ) ;
#2190 = CARTESIAN_POINT ( 'NONE',  ( 35.00000000000036948, -79.99999999999836575, 35.00000000000000000 ) ) ;
#2191 = DIRECTION ( 'NONE',  ( -4.625929269271484533E-15, 0.000000000000000000, 1.000000000000000000 ) ) ;
#2192 = FACE_OUTER_BOUND ( 'NONE', #156, .T. ) ;
#2193 = ORIENTED_EDGE ( 'NONE', *, *, #2919, .T. ) ;
#2194 = DIRECTION ( 'NONE',  ( 0.000000000000000000, -1.000000000000000000, -0.000000000000000000 ) ) ;
#2195 = ORIENTED_EDGE ( 'NONE', *, *, #1267, .F. ) ;
#2196 = SHAPE_DEFINITION_REPRESENTATION ( #2521, #2871 ) ;
#2197 = ORIENTED_EDGE ( 'NONE', *, *, #1403, .F. ) ;
#2198 = VERTEX_POINT ( 'NONE', #1923 ) ;
#2199 = EDGE_CURVE ( 'NONE', #1662, #1859, #2344, .T. ) ;
#2200 = FACE_OUTER_BOUND ( 'NONE', #1597, .T. ) ;
#2201 = AXIS2_PLACEMENT_3D ( 'NONE', #1167, #276, #2212 ) ;
#2202 = CARTESIAN_POINT ( 'NONE',  ( -35.00000000000000000, -60.00000000000000000, -12.00000000000012434 ) ) ;
#2203 = ORIENTED_EDGE ( 'NONE', *, *, #3034, .F. ) ;
#2204 = ORIENTED_EDGE ( 'NONE', *, *, #2984, .F. ) ;
#2205 = CYLINDRICAL_SURFACE ( 'NONE', #3075, 2.999999999999999112 ) ;
#2206 = DIRECTION ( 'NONE',  ( 1.000000000000000000, 0.000000000000000000, -0.000000000000000000 ) ) ;
#2207 = AXIS2_PLACEMENT_3D ( 'NONE', #975, #2267, #729 ) ;
#2208 = DIRECTION ( 'NONE',  ( 0.000000000000000000, 0.000000000000000000, -1.000000000000000000 ) ) ;
#2209 = CARTESIAN_POINT ( 'NONE',  ( -30.00000000000000000, -60.00000000000000000, -12.00000000000010836 ) ) ;
#2210 = CARTESIAN_POINT ( 'NONE',  ( 18.00000000000000355, -60.00000000000000000, 35.00000000000000000 ) ) ;
#2211 = PLANE ( 'NONE',  #1438 ) ;
#2212 = DIRECTION ( 'NONE',  ( 0.000000000000000000, 0.000000000000000000, -1.000000000000000000 ) ) ;
#2213 = EDGE_LOOP ( 'NONE', ( #686, #2943, #2730, #485 ) ) ;
#2214 = EDGE_CURVE ( 'NONE', #1957, #523, #47, .T. ) ;
#2215 = EDGE_LOOP ( 'NONE', ( #25, #1734 ) ) ;
#2216 = EDGE_CURVE ( 'NONE', #1957, #2920, #1218, .T. ) ;
#2217 = VERTEX_POINT ( 'NONE', #1273 ) ;
#2218 = EDGE_LOOP ( 'NONE', ( #803, #885 ) ) ;
#2219 = FACE_OUTER_BOUND ( 'NONE', #520, .T. ) ;
#2220 = EDGE_CURVE ( 'NONE', #1375, #260, #1030, .T. ) ;
#2221 = CARTESIAN_POINT ( 'NONE',  ( 0.000000000000000000, 0.000000000000000000, 3.250000000000000444 ) ) ;
#2222 = EDGE_LOOP ( 'NONE', ( #431, #2617, #453 ) ) ;
#2223 = FACE_OUTER_BOUND ( 'NONE', #1768, .T. ) ;
#2224 = VECTOR ( 'NONE', #2415, 1000.000000000000000 ) ;
#2225 = DIRECTION ( 'NONE',  ( 1.000000000000000000, 0.000000000000000000, 0.000000000000000000 ) ) ;
#2226 = FACE_OUTER_BOUND ( 'NONE', #388, .T. ) ;
#2227 = DIRECTION ( 'NONE',  ( -1.000000000000000000, -0.000000000000000000, -3.491481338843133750E-15 ) ) ;
#2228 = FACE_OUTER_BOUND ( 'NONE', #2946, .T. ) ;
#2229 = CARTESIAN_POINT ( 'NONE',  ( -30.00000000000000355, -80.00000000000000000, -30.00000000000000000 ) ) ;
#2230 = AXIS2_PLACEMENT_3D ( 'NONE', #1282, #2276, #2067 ) ;
#2231 = DIRECTION ( 'NONE',  ( -0.000000000000000000, 1.000000000000000000, -0.000000000000000000 ) ) ;
#2232 = ORIENTED_EDGE ( 'NONE', *, *, #291, .F. ) ;
#2233 = ORIENTED_EDGE ( 'NONE', *, *, #1499, .F. ) ;
#2234 = ORIENTED_EDGE ( 'NONE', *, *, #718, .F. ) ;
#2235 = EDGE_CURVE ( 'NONE', #3055, #845, #2963, .T. ) ;
#2236 = VECTOR ( 'NONE', #1363, 1000.000000000000227 ) ;
#2237 = CYLINDRICAL_SURFACE ( 'NONE', #711, 3.000000000000000888 ) ;
#2238 = ORIENTED_EDGE ( 'NONE', *, *, #610, .T. ) ;
#2239 = ORIENTED_EDGE ( 'NONE', *, *, #1805, .F. ) ;
#2240 = AXIS2_PLACEMENT_3D ( 'NONE', #153, #1148, #424 ) ;
#2241 = CARTESIAN_POINT ( 'NONE',  ( -35.00000000000000000, -60.00000000000000000, 14.99999999999988098 ) ) ;
#2242 = CARTESIAN_POINT ( 'NONE',  ( -43.00000000000000000, -27.25000000000027356, -22.00000000000000355 ) ) ;
#2243 = CARTESIAN_POINT ( 'NONE',  ( 30.00000000000000000, -60.00000000000000000, -14.99999999999989697 ) ) ;
#2244 = DIRECTION ( 'NONE',  ( 0.000000000000000000, 0.000000000000000000, 1.000000000000000000 ) ) ;
#2245 = EDGE_CURVE ( 'NONE', #1582, #886, #257, .T. ) ;
#2246 = CYLINDRICAL_SURFACE ( 'NONE', #725, 3.000000000000000888 ) ;
#2247 = DIRECTION ( 'NONE',  ( -1.000000000000000000, -0.000000000000000000, -0.000000000000000000 ) ) ;
#2248 = DIRECTION ( 'NONE',  ( 1.000000000000000000, 0.000000000000000000, -1.047444401652940007E-14 ) ) ;
#2249 = CARTESIAN_POINT ( 'NONE',  ( 12.00000000000000000, 25.49999999999999645, -58.78775382679624073 ) ) ;
#2250 = EDGE_CURVE ( 'NONE', #2635, #916, #1535, .T. ) ;
#2251 = DIRECTION ( 'NONE',  ( 1.000000000000000000, 0.000000000000000000, -1.047444401652940007E-14 ) ) ;
#2252 = EDGE_LOOP ( 'NONE', ( #1080, #958, #1724, #837 ) ) ;
#2253 = ORIENTED_EDGE ( 'NONE', *, *, #2834, .F. ) ;
#2254 = ORIENTED_EDGE ( 'NONE', *, *, #902, .F. ) ;
#2255 = VECTOR ( 'NONE', #1813, 1000.000000000000000 ) ;
#2256 = CARTESIAN_POINT ( 'NONE',  ( 30.00000000000000355, -1.850413453435900827E-15, -1.047444401652940133E-13 ) ) ;
#2257 = EDGE_LOOP ( 'NONE', ( #1650, #3027 ) ) ;
#2258 = ORIENTED_EDGE ( 'NONE', *, *, #2708, .T. ) ;
#2259 = CARTESIAN_POINT ( 'NONE',  ( -15.00000000000000355, -60.00000000000000000, -64.00000000000000000 ) ) ;
#2260 = VECTOR ( 'NONE', #1604, 1000.000000000000114 ) ;
#2261 = CARTESIAN_POINT ( 'NONE',  ( -26.68629150101487468, -80.00000000000100897, 35.00000000000004974 ) ) ;
#2262 = FACE_OUTER_BOUND ( 'NONE', #3082, .T. ) ;
#2263 = DIRECTION ( 'NONE',  ( -1.000000000000000000, -0.000000000000000000, -3.491481338843133750E-15 ) ) ;
#2264 = LINE ( 'NONE', #778, #2349 ) ;
#2265 = DIRECTION ( 'NONE',  ( -1.000000000000000000, -0.000000000000000000, -3.491481338843133750E-15 ) ) ;
#2266 = CARTESIAN_POINT ( 'NONE',  ( 35.00000000000000000, -60.00000000000000000, 15.00000000000012612 ) ) ;
#2267 = DIRECTION ( 'NONE',  ( -0.000000000000000000, -0.000000000000000000, 1.000000000000000000 ) ) ;
#2268 = FILL_AREA_STYLE ('',( #2944 ) ) ;
#2269 = ORIENTED_EDGE ( 'NONE', *, *, #2089, .T. ) ;
#2270 = ORIENTED_EDGE ( 'NONE', *, *, #753, .F. ) ;
#2271 = ORIENTED_EDGE ( 'NONE', *, *, #3139, .T. ) ;
#2272 = CARTESIAN_POINT ( 'NONE',  ( -18.00000000000000355, -15.00000000000000000, -64.00000000000000000 ) ) ;
#2273 = EDGE_CURVE ( 'NONE', #3066, #897, #1236, .T. ) ;
#2274 = CARTESIAN_POINT ( 'NONE',  ( -43.00000000000000000, -3.469446951953614189E-15, -22.00000000000000355 ) ) ;
#2275 = ORIENTED_EDGE ( 'NONE', *, *, #2388, .T. ) ;
#2276 = DIRECTION ( 'NONE',  ( -1.000000000000000000, 0.000000000000000000, 0.000000000000000000 ) ) ;
#2277 = LINE ( 'NONE', #36, #1941 ) ;
#2278 = CARTESIAN_POINT ( 'NONE',  ( 42.99999999999985789, -80.00000000000000000, -43.00000000000000000 ) ) ;
#2279 = AXIS2_PLACEMENT_3D ( 'NONE', #3030, #274, #2009 ) ;
#2281 = ADVANCED_FACE ( 'NONE', ( #519 ), #1785, .F. ) ;
#2280 = AXIS2_PLACEMENT_3D ( 'NONE', #1352, #2838, #3077 ) ;
#2282 = CARTESIAN_POINT ( 'NONE',  ( -34.99999999999955236, -44.13512577292507189, 43.00000000000000711 ) ) ;
#2283 = FACE_OUTER_BOUND ( 'NONE', #1691, .T. ) ;
#2284 = CARTESIAN_POINT ( 'NONE',  ( 21.99999999999985434, 0.000000000000000000, -35.00000000000000000 ) ) ;
#2285 = VECTOR ( 'NONE', #2036, 1000.000000000000000 ) ;
#2286 = ORIENTED_EDGE ( 'NONE', *, *, #1470, .F. ) ;
#2287 = EDGE_CURVE ( 'NONE', #12, #1520, #1876, .T. ) ;
#2288 = VECTOR ( 'NONE', #756, 1000.000000000000000 ) ;
#2289 = DIRECTION ( 'NONE',  ( -0.000000000000000000, -0.000000000000000000, 1.000000000000000000 ) ) ;
#2290 = ORIENTED_EDGE ( 'NONE', *, *, #2093, .T. ) ;
#2291 = ORIENTED_EDGE ( 'NONE', *, *, #2526, .T. ) ;
#2292 = AXIS2_PLACEMENT_3D ( 'NONE', #464, #2999, #1497 ) ;
#2293 = EDGE_CURVE ( 'NONE', #959, #2062, #459, .T. ) ;
#2294 = CYLINDRICAL_SURFACE ( 'NONE', #1239, 3.000000000000000888 ) ;
#2295 = CARTESIAN_POINT ( 'NONE',  ( 15.00000000000000000, -15.00000000000000000, -64.00000000000000000 ) ) ;
#2296 = FACE_BOUND ( 'NONE', #2375, .T. ) ;
#2297 = AXIS2_PLACEMENT_3D ( 'NONE', #2241, #1458, #266 ) ;
#2298 = ORIENTED_EDGE ( 'NONE', *, *, #2418, .F. ) ;
#2299 = AXIS2_PLACEMENT_3D ( 'NONE', #2300, #1268, #1493 ) ;
#2300 = CARTESIAN_POINT ( 'NONE',  ( -12.00000000000000000, 25.49999999999999645, -34.84497836842659524 ) ) ;
#2301 = CARTESIAN_POINT ( 'NONE',  ( -43.00000000000015632, 0.000000000000000000, -35.00000000000000000 ) ) ;
#2302 = MANIFOLD_SOLID_BREP ( '\X2\96355217\X0\(\X2\57065468\X0\)2', #1673 ) ;
#2303 = LINE ( 'NONE', #1343, #117 ) ;
#2304 = DIRECTION ( 'NONE',  ( -0.000000000000000000, 1.000000000000000000, 0.000000000000000000 ) ) ;
#2305 = ORIENTED_EDGE ( 'NONE', *, *, #2214, .F. ) ;
#2306 = CARTESIAN_POINT ( 'NONE',  ( -12.00000000000000178, 25.10352381966954738, -60.57838407038796902 ) ) ;
#2307 = DIRECTION ( 'NONE',  ( 1.000000000000000000, 0.000000000000000000, 0.000000000000000000 ) ) ;
#2308 = ADVANCED_FACE ( 'NONE', ( #1484 ), #784, .F. ) ;
#2309 = EDGE_LOOP ( 'NONE', ( #2142, #297, #563 ) ) ;
#2310 = AXIS2_PLACEMENT_3D ( 'NONE', #1516, #76, #781 ) ;
#2311 = FACE_OUTER_BOUND ( 'NONE', #3126, .T. ) ;
#2312 = CARTESIAN_POINT ( 'NONE',  ( 0.000000000000000000, 25.49999999999999645, 0.000000000000000000 ) ) ;
#2313 = DIRECTION ( 'NONE',  ( 0.9760137018783704432, 0.2177091034974870110, -0.000000000000000000 ) ) ;
#2314 = FACE_OUTER_BOUND ( 'NONE', #3168, .T. ) ;
#2315 = CARTESIAN_POINT ( 'NONE',  ( -38.86348813282034342, -62.67956050482444397, 35.82280336819479771 ) ) ;
#2316 = ORIENTED_EDGE ( 'NONE', *, *, #2496, .T. ) ;
#2317 = ORIENTED_EDGE ( 'NONE', *, *, #3000, .T. ) ;
#2318 = DIRECTION ( 'NONE',  ( 3.491481338843133355E-15, -0.000000000000000000, 1.000000000000000000 ) ) ;
#2319 = AXIS2_PLACEMENT_3D ( 'NONE', #1746, #2975, #2516 ) ;
#2320 = EDGE_CURVE ( 'NONE', #1806, #2119, #2042, .T. ) ;
#2321 = ORIENTED_EDGE ( 'NONE', *, *, #1713, .T. ) ;
#2322 = ADVANCED_FACE ( 'NONE', ( #1748 ), #518, .T. ) ;
#2323 = LINE ( 'NONE', #528, #1184 ) ;
#2324 = PLANE ( 'NONE',  #872 ) ;
#2325 = ORIENTED_EDGE ( 'NONE', *, *, #1800, .F. ) ;
#2326 = DIRECTION ( 'NONE',  ( 0.000000000000000000, 0.000000000000000000, 1.000000000000000000 ) ) ;
#2327 =( BOUNDED_CURVE ( )  B_SPLINE_CURVE ( 3, ( #3015, #2315, #1828, #813 ),
 .UNSPECIFIED., .F., .F. ) 
 B_SPLINE_CURVE_WITH_KNOTS ( ( 4, 4 ),
 ( 0.7853981633974141952, 1.570796326794896558 ),
 .UNSPECIFIED. ) 
 CURVE ( )  GEOMETRIC_REPRESENTATION_ITEM ( )  RATIONAL_B_SPLINE_CURVE ( ( 1.000000000000000000, 0.9492530216741867921, 0.9492530216741867921, 1.000000000000000000 ) ) 
 REPRESENTATION_ITEM ( '' )  );
#2328 = AXIS2_PLACEMENT_3D ( 'NONE', #1531, #58, #1586 ) ;
#2329 = DIRECTION ( 'NONE',  ( -1.000000000000000000, 0.000000000000000000, 0.000000000000000000 ) ) ;
#2330 = LINE ( 'NONE', #3108, #3004 ) ;
#2331 = FACE_BOUND ( 'NONE', #789, .T. ) ;
#2332 = VECTOR ( 'NONE', #212, 1000.000000000000000 ) ;
#2333 = ORIENTED_EDGE ( 'NONE', *, *, #610, .F. ) ;
#2334 = LINE ( 'NONE', #60, #2087 ) ;
#2335 = ORIENTED_EDGE ( 'NONE', *, *, #108, .T. ) ;
#2336 = VECTOR ( 'NONE', #1043, 1000.000000000000000 ) ;
#2337 = CARTESIAN_POINT ( 'NONE',  ( -12.00000000000000000, 25.29980070945038051, -60.08968213614100762 ) ) ;
#2338 = FACE_BOUND ( 'NONE', #2257, .T. ) ;
#2339 = CARTESIAN_POINT ( 'NONE',  ( -43.00000000000000000, -80.00000000000000000, 30.00000000000000355 ) ) ;
#2340 = VERTEX_POINT ( 'NONE', #2012 ) ;
#2341 = VECTOR ( 'NONE', #3154, 1000.000000000000000 ) ;
#2342 = LINE ( 'NONE', #2098, #2174 ) ;
#2343 = CARTESIAN_POINT ( 'NONE',  ( 18.00000000000000355, -60.00000000000000000, -64.00000000000000000 ) ) ;
#2344 = CIRCLE ( 'NONE', #1141, 3.000000000000000888 ) ;
#2345 = AXIS2_PLACEMENT_3D ( 'NONE', #1514, #779, #1530 ) ;
#2346 = FACE_OUTER_BOUND ( 'NONE', #2355, .T. ) ;
#2347 = DIRECTION ( 'NONE',  ( 1.000000000000000000, 0.000000000000000000, -3.491481338843133355E-15 ) ) ;
#2348 = LINE ( 'NONE', #598, #931 ) ;
#2349 = VECTOR ( 'NONE', #1780, 1000.000000000000000 ) ;
#2350 = ORIENTED_EDGE ( 'NONE', *, *, #1810, .T. ) ;
#2351 = EDGE_CURVE ( 'NONE', #1612, #3091, #2910, .T. ) ;
#2352 = DIRECTION ( 'NONE',  ( -7.601272721577442022E-16, 0.9760137018783704432, -0.2177091034974870110 ) ) ;
#2353 = FACE_OUTER_BOUND ( 'NONE', #613, .T. ) ;
#2354 = EDGE_LOOP ( 'NONE', ( #2636, #2163, #312, #2321 ) ) ;
#2355 = EDGE_LOOP ( 'NONE', ( #2671, #1201, #1035, #314 ) ) ;
#2356 = LINE ( 'NONE', #2637, #659 ) ;
#2357 = CARTESIAN_POINT ( 'NONE',  ( 15.00000000000000355, -60.00000000000000000, 35.00000000000000000 ) ) ;
#2358 = EDGE_CURVE ( 'NONE', #893, #238, #798, .T. ) ;
#2359 = DIRECTION ( 'NONE',  ( -0.000000000000000000, -1.000000000000000000, -0.000000000000000000 ) ) ;
#2360 = DIRECTION ( 'NONE',  ( 0.000000000000000000, -1.000000000000000000, 0.000000000000000000 ) ) ;
#2361 = VECTOR ( 'NONE', #2481, 1000.000000000000114 ) ;
#2362 = DIRECTION ( 'NONE',  ( -1.000000000000000000, 0.000000000000000000, -0.000000000000000000 ) ) ;
#2363 = AXIS2_PLACEMENT_3D ( 'NONE', #149, #3160, #135 ) ;
#2364 = EDGE_LOOP ( 'NONE', ( #3002, #912 ) ) ;
#2365 = CARTESIAN_POINT ( 'NONE',  ( 35.00000000000000000, -15.00000000000000000, -17.99999999999987566 ) ) ;
#2366 = AXIS2_PLACEMENT_3D ( 'NONE', #652, #217, #233 ) ;
#2367 = DIRECTION ( 'NONE',  ( 0.000000000000000000, 0.000000000000000000, -1.000000000000000000 ) ) ;
#2368 = EDGE_LOOP ( 'NONE', ( #1417, #2666, #240, #1708, #2527, #372, #2169 ) ) ;
#2369 = EDGE_LOOP ( 'NONE', ( #2483, #2195, #437, #2394 ) ) ;
#2370 = EDGE_CURVE ( 'NONE', #1296, #400, #2334, .T. ) ;
#2371 = DIRECTION ( 'NONE',  ( -4.625929269271484533E-15, 0.000000000000000000, 1.000000000000000000 ) ) ;
#2372 = EDGE_CURVE ( 'NONE', #231, #905, #2348, .T. ) ;
#2373 = DIRECTION ( 'NONE',  ( -1.000000000000000000, 0.000000000000000000, 1.047444401652940007E-14 ) ) ;
#2374 = ORIENTED_EDGE ( 'NONE', *, *, #892, .T. ) ;
#2375 = EDGE_LOOP ( 'NONE', ( #2882, #1916 ) ) ;
#2376 = LINE ( 'NONE', #1425, #745 ) ;
#2377 = EDGE_CURVE ( 'NONE', #90, #3122, #3164, .T. ) ;
#2378 = DIRECTION ( 'NONE',  ( 1.000000000000000000, 0.000000000000000000, 0.000000000000000000 ) ) ;
#2379 = LINE ( 'NONE', #694, #1774 ) ;
#2380 = VECTOR ( 'NONE', #578, 1000.000000000000000 ) ;
#2381 = EDGE_CURVE ( 'NONE', #1431, #3007, #666, .T. ) ;
#2382 = CARTESIAN_POINT ( 'NONE',  ( 0.000000000000000000, 0.000000000000000000, 0.000000000000000000 ) ) ;
#2383 = ORIENTED_EDGE ( 'NONE', *, *, #1161, .T. ) ;
#2384 = VERTEX_POINT ( 'NONE', #1710 ) ;
#2385 = CARTESIAN_POINT ( 'NONE',  ( 38.86348813282095449, -62.67956050482172259, 35.82280336819471955 ) ) ;
#2386 = DIRECTION ( 'NONE',  ( 0.000000000000000000, 0.000000000000000000, 1.000000000000000000 ) ) ;
#2387 = ORIENTED_EDGE ( 'NONE', *, *, #2058, .F. ) ;
#2388 = EDGE_CURVE ( 'NONE', #147, #2676, #363, .T. ) ;
#2389 = VECTOR ( 'NONE', #2318, 1000.000000000000000 ) ;
#2390 = ORIENTED_EDGE ( 'NONE', *, *, #841, .F. ) ;
#2391 = AXIS2_PLACEMENT_3D ( 'NONE', #445, #936, #1446 ) ;
#2392 = CARTESIAN_POINT ( 'NONE',  ( -35.00000000000000000, 0.000000000000000000, 43.00000000000000711 ) ) ;
#2393 = ORIENTED_EDGE ( 'NONE', *, *, #3000, .F. ) ;
#2394 = ORIENTED_EDGE ( 'NONE', *, *, #2089, .F. ) ;
#2395 = CARTESIAN_POINT ( 'NONE',  ( 0.000000000000000000, 4.999999999999996447, 0.000000000000000000 ) ) ;
#2396 = LINE ( 'NONE', #2592, #2760 ) ;
#2397 = CARTESIAN_POINT ( 'NONE',  ( 34.99999999999987210, -53.77420889560471551, -40.84991118348246175 ) ) ;
#2398 = EDGE_CURVE ( 'NONE', #1682, #1207, #783, .T. ) ;
#2399 = EDGE_LOOP ( 'NONE', ( #569, #539 ) ) ;
#2400 = ORIENTED_EDGE ( 'NONE', *, *, #2145, .F. ) ;
#2401 = DIRECTION ( 'NONE',  ( 0.000000000000000000, -1.000000000000000000, 0.000000000000000000 ) ) ;
#2402 = DIRECTION ( 'NONE',  ( 0.000000000000000000, 0.000000000000000000, -1.000000000000000000 ) ) ;
#2403 = ADVANCED_FACE ( 'NONE', ( #1262 ), #2205, .F. ) ;
#2404 = AXIS2_PLACEMENT_3D ( 'NONE', #3195, #3226, #1002 ) ;
#2405 = DIRECTION ( 'NONE',  ( 0.000000000000000000, 0.000000000000000000, 1.000000000000000000 ) ) ;
#2406 = VECTOR ( 'NONE', #466, 1000.000000000000000 ) ;
#2407 =( BOUNDED_CURVE ( )  B_SPLINE_CURVE ( 3, ( #1263, #545, #1807, #1560 ),
 .UNSPECIFIED., .F., .F. ) 
 B_SPLINE_CURVE_WITH_KNOTS ( ( 4, 4 ),
 ( 1.570796326794896780, 3.141592653589793116 ),
 .UNSPECIFIED. ) 
 CURVE ( )  GEOMETRIC_REPRESENTATION_ITEM ( )  RATIONAL_B_SPLINE_CURVE ( ( 1.000000000000000000, 0.8047378541243650485, 0.8047378541243650485, 1.000000000000000000 ) ) 
 REPRESENTATION_ITEM ( '' )  );
#2408 = DIRECTION ( 'NONE',  ( -0.000000000000000000, 1.000000000000000000, -0.000000000000000000 ) ) ;
#2409 = UNCERTAINTY_MEASURE_WITH_UNIT (LENGTH_MEASURE( 1.000000000000000082E-05 ), #1518, 'distance_accuracy_value', 'NONE');
#2410 = AXIS2_PLACEMENT_3D ( 'NONE', #625, #165, #669 ) ;
#2411 = ORIENTED_EDGE ( 'NONE', *, *, #1185, .T. ) ;
#2412 = ORIENTED_EDGE ( 'NONE', *, *, #1129, .F. ) ;
#2413 = VECTOR ( 'NONE', #2003, 1000.000000000000000 ) ;
#2414 = FACE_BOUND ( 'NONE', #264, .T. ) ;
#2415 = DIRECTION ( 'NONE',  ( -0.000000000000000000, -0.000000000000000000, -1.000000000000000000 ) ) ;
#2416 = ORIENTED_EDGE ( 'NONE', *, *, #1125, .F. ) ;
#2417 = EDGE_LOOP ( 'NONE', ( #133, #2064 ) ) ;
#2418 = EDGE_CURVE ( 'NONE', #143, #916, #402, .T. ) ;
#2419 = CARTESIAN_POINT ( 'NONE',  ( 42.52184732581616800, 0.000000000000000000, -24.54999999999960636 ) ) ;
#2420 = VECTOR ( 'NONE', #167, 1000.000000000000000 ) ;
#2421 = DIRECTION ( 'NONE',  ( 0.000000000000000000, 0.000000000000000000, -1.000000000000000000 ) ) ;
#2422 = CARTESIAN_POINT ( 'NONE',  ( 35.00000000000000000, -80.00000000000000000, -35.00000000000000000 ) ) ;
#2423 = CARTESIAN_POINT ( 'NONE',  ( 11.99999999999999822, 24.15869700249140095, -61.84658952866869441 ) ) ;
#2424 = CARTESIAN_POINT ( 'NONE',  ( 0.000000000000000000, -1.850413453435900827E-15, 35.00000000000000000 ) ) ;
#2425 = ORIENTED_EDGE ( 'NONE', *, *, #2132, .T. ) ;
#2426 = DIRECTION ( 'NONE',  ( 0.000000000000000000, 0.000000000000000000, -1.000000000000000000 ) ) ;
#2427 = VERTEX_POINT ( 'NONE', #3194 ) ;
#2428 =( BOUNDED_CURVE ( )  B_SPLINE_CURVE ( 3, ( #2646, #2397, #1204, #946 ),
 .UNSPECIFIED., .F., .F. ) 
 B_SPLINE_CURVE_WITH_KNOTS ( ( 4, 4 ),
 ( 1.570796326794896780, 2.356194490192342172 ),
 .UNSPECIFIED. ) 
 CURVE ( )  GEOMETRIC_REPRESENTATION_ITEM ( )  RATIONAL_B_SPLINE_CURVE ( ( 1.000000000000000000, 0.9492530216741915661, 0.9492530216741915661, 1.000000000000000000 ) ) 
 REPRESENTATION_ITEM ( '' )  );
#2429 = CIRCLE ( 'NONE', #2161, 2.999999999999999112 ) ;
#2430 = APPLICATION_PROTOCOL_DEFINITION ( 'draft international standard', 'automotive_design', 1998, #647 ) ;
#2431 = EDGE_LOOP ( 'NONE', ( #2883, #2606 ) ) ;
#2432 = VERTEX_POINT ( 'NONE', #1964 ) ;
#2433 = CIRCLE ( 'NONE', #2124, 2.999999999999999112 ) ;
#2434 = FACE_BOUND ( 'NONE', #680, .T. ) ;
#2435 = AXIS2_PLACEMENT_3D ( 'NONE', #2274, #2557, #1772 ) ;
#2436 = DIRECTION ( 'NONE',  ( 0.000000000000000000, 0.000000000000000000, -1.000000000000000000 ) ) ;
#2437 = ORIENTED_EDGE ( 'NONE', *, *, #291, .T. ) ;
#2438 = ORIENTED_EDGE ( 'NONE', *, *, #2623, .T. ) ;
#2439 = DIRECTION ( 'NONE',  ( 0.000000000000000000, 0.000000000000000000, 1.000000000000000000 ) ) ;
#2440 = LINE ( 'NONE', #473, #2443 ) ;
#2441 = CARTESIAN_POINT ( 'NONE',  ( 0.000000000000000000, 25.49999999999999645, 0.000000000000000000 ) ) ;
#2442 = CARTESIAN_POINT ( 'NONE',  ( -42.52184732581581983, 0.000000000000000000, -27.80000000000019966 ) ) ;
#2443 = VECTOR ( 'NONE', #2475, 1000.000000000000000 ) ;
#2444 = DIRECTION ( 'NONE',  ( -1.000000000000000000, 0.000000000000000000, 0.000000000000000000 ) ) ;
#2445 = CARTESIAN_POINT ( 'NONE',  ( 30.00000000000000000, -60.00000000000000000, 12.00000000000010836 ) ) ;
#2446 = ADVANCED_FACE ( 'NONE', ( #1225 ), #71, .T. ) ;
#2447 = ORIENTED_EDGE ( 'NONE', *, *, #790, .F. ) ;
#2448 = VECTOR ( 'NONE', #2408, 1000.000000000000000 ) ;
#2449 = CARTESIAN_POINT ( 'NONE',  ( 0.000000000000000000, 4.999999999999996447, 49.10000000000000142 ) ) ;
#2450 = VECTOR ( 'NONE', #2304, 1000.000000000000000 ) ;
#2451 = VERTEX_POINT ( 'NONE', #106 ) ;
#2452 = ORIENTED_EDGE ( 'NONE', *, *, #2695, .T. ) ;
#2453 = PLANE ( 'NONE',  #3068 ) ;
#2454 = LINE ( 'NONE', #1420, #2224 ) ;
#2455 = EDGE_LOOP ( 'NONE', ( #824, #1187, #1408 ) ) ;
#2456 = ORIENTED_EDGE ( 'NONE', *, *, #2138, .T. ) ;
#2457 = DIRECTION ( 'NONE',  ( -0.000000000000000000, 0.000000000000000000, 1.000000000000000000 ) ) ;
#2458 = DIRECTION ( 'NONE',  ( -0.000000000000000000, -0.000000000000000000, 1.000000000000000000 ) ) ;
#2459 = DIRECTION ( 'NONE',  ( -0.000000000000000000, 1.000000000000000000, -0.000000000000000000 ) ) ;
#2460 = EDGE_CURVE ( 'NONE', #2658, #224, #1050, .T. ) ;
#2461 = EDGE_CURVE ( 'NONE', #3122, #90, #1878, .T. ) ;
#2462 = CARTESIAN_POINT ( 'NONE',  ( 64.00000000000017053, -15.00000000000000000, 15.00000000000022382 ) ) ;
#2463 = CARTESIAN_POINT ( 'NONE',  ( 35.00000000000000000, -60.00000000000000000, 15.00000000000012612 ) ) ;
#2464 = VERTEX_POINT ( 'NONE', #1602 ) ;
#2465 = DIRECTION ( 'NONE',  ( 0.000000000000000000, 1.000000000000000000, 0.000000000000000000 ) ) ;
#2466 = EDGE_CURVE ( 'NONE', #3023, #2681, #86, .T. ) ;
#2467 = ORIENTED_EDGE ( 'NONE', *, *, #2377, .F. ) ;
#2468 = EDGE_LOOP ( 'NONE', ( #1241, #2238, #4, #157 ) ) ;
#2469 = LINE ( 'NONE', #1925, #202 ) ;
#2470 = DIRECTION ( 'NONE',  ( 0.000000000000000000, -1.000000000000000000, 0.000000000000000000 ) ) ;
#2471 = ORIENTED_EDGE ( 'NONE', *, *, #398, .F. ) ;
#2472 = EDGE_CURVE ( 'NONE', #224, #1485, #1840, .T. ) ;
#2473 = ORIENTED_EDGE ( 'NONE', *, *, #2381, .T. ) ;
#2474 = EDGE_CURVE ( 'NONE', #737, #1474, #2102, .T. ) ;
#2475 = DIRECTION ( 'NONE',  ( -1.000000000000000000, -0.000000000000000000, -3.491481338843133750E-15 ) ) ;
#2476 = CIRCLE ( 'NONE', #171, 8.000000000000000000 ) ;
#2477 = DIRECTION ( 'NONE',  ( 0.000000000000000000, 0.000000000000000000, 1.000000000000000000 ) ) ;
#2478 = DIRECTION ( 'NONE',  ( -0.000000000000000000, -0.000000000000000000, 1.000000000000000000 ) ) ;
#2479 = CARTESIAN_POINT ( 'NONE',  ( 29.99999999999999645, 0.000000000000000000, -30.00000000000000000 ) ) ;
#2480 = PLANE ( 'NONE',  #2596 ) ;
#2481 = DIRECTION ( 'NONE',  ( -7.601272721577442022E-16, 0.9760137018783704432, -0.2177091034974870110 ) ) ;
#2482 = EDGE_CURVE ( 'NONE', #1486, #1296, #1349, .T. ) ;
#2483 = ORIENTED_EDGE ( 'NONE', *, *, #956, .F. ) ;
#2484 = DIRECTION ( 'NONE',  ( -0.000000000000000000, -1.000000000000000000, -0.000000000000000000 ) ) ;
#2485 = VERTEX_POINT ( 'NONE', #2514 ) ;
#2486 = CARTESIAN_POINT ( 'NONE',  ( 0.000000000000000000, -3.700826906871801654E-15, 0.000000000000000000 ) ) ;
#2487 = ORIENTED_EDGE ( 'NONE', *, *, #2084, .T. ) ;
#2488 = ADVANCED_FACE ( 'NONE', ( #2992 ), #270, .F. ) ;
#2489 = EDGE_CURVE ( 'NONE', #1322, #1274, #3073, .T. ) ;
#2490 = CARTESIAN_POINT ( 'NONE',  ( -30.00000000000000000, -15.00000000000000000, -12.00000000000010303 ) ) ;
#2491 = ORIENTED_EDGE ( 'NONE', *, *, #1085, .T. ) ;
#2492 = CARTESIAN_POINT ( 'NONE',  ( -15.00000000000000355, -60.00000000000000000, -64.00000000000000000 ) ) ;
#2493 = AXIS2_PLACEMENT_3D ( 'NONE', #98, #1023, #1477 ) ;
#2494 = DIRECTION ( 'NONE',  ( 0.000000000000000000, 0.000000000000000000, 1.000000000000000000 ) ) ;
#2495 = DIRECTION ( 'NONE',  ( -1.000000000000000000, -0.000000000000000000, -0.000000000000000000 ) ) ;
#2496 = EDGE_CURVE ( 'NONE', #472, #2916, #2767, .T. ) ;
#2497 = DIRECTION ( 'NONE',  ( 0.000000000000000000, 0.000000000000000000, 1.000000000000000000 ) ) ;
#2498 = CARTESIAN_POINT ( 'NONE',  ( -52.84475796423748761, -9.252067267179504135E-16, 35.00000000000000000 ) ) ;
#2499 = FACE_BOUND ( 'NONE', #3220, .T. ) ;
#2500 = DIRECTION ( 'NONE',  ( 1.000000000000000000, 0.000000000000000000, 0.000000000000000000 ) ) ;
#2501 = CIRCLE ( 'NONE', #1621, 3.000000000000002665 ) ;
#2502 =( NAMED_UNIT ( * ) PLANE_ANGLE_UNIT ( ) SI_UNIT ( $, .RADIAN. ) );
#2503 = ORIENTED_EDGE ( 'NONE', *, *, #630, .F. ) ;
#2504 = AXIS2_PLACEMENT_3D ( 'NONE', #1656, #3169, #1149 ) ;
#2505 = ORIENTED_EDGE ( 'NONE', *, *, #892, .F. ) ;
#2506 = AXIS2_PLACEMENT_3D ( 'NONE', #1323, #2069, #3060 ) ;
#2507 = PLANE ( 'NONE',  #1036 ) ;
#2508 = ORIENTED_EDGE ( 'NONE', *, *, #3128, .F. ) ;
#2509 = FACE_OUTER_BOUND ( 'NONE', #27, .T. ) ;
#2510 = AXIS2_PLACEMENT_3D ( 'NONE', #3012, #56, #3044 ) ;
#2511 = DIRECTION ( 'NONE',  ( 1.000000000000000000, 0.000000000000000000, -0.000000000000000000 ) ) ;
#2512 = CARTESIAN_POINT ( 'NONE',  ( 12.00000000000000000, 4.999999999999996447, -57.76677245614471445 ) ) ;
#2513 = FACE_OUTER_BOUND ( 'NONE', #2662, .T. ) ;
#2514 = CARTESIAN_POINT ( 'NONE',  ( 42.52184732581616800, 4.999999999999996447, -21.29999999999960636 ) ) ;
#2515 = FACE_OUTER_BOUND ( 'NONE', #1571, .T. ) ;
#2516 = DIRECTION ( 'NONE',  ( 1.000000000000000000, 0.000000000000000000, 0.000000000000000000 ) ) ;
#2517 = DIRECTION ( 'NONE',  ( -1.000000000000000000, -0.000000000000000000, -3.491481338843133750E-15 ) ) ;
#2518 = DIRECTION ( 'NONE',  ( 0.000000000000000000, 0.000000000000000000, 1.000000000000000000 ) ) ;
#2519 = PRESENTATION_STYLE_ASSIGNMENT (( #2783 ) ) ;
#2520 = EDGE_CURVE ( 'NONE', #733, #465, #243, .T. ) ;
#2521 = PRODUCT_DEFINITION_SHAPE ( 'NONE', 'NONE',  #2947 ) ;
#2522 = ORIENTED_EDGE ( 'NONE', *, *, #1118, .F. ) ;
#2523 = EDGE_LOOP ( 'NONE', ( #3167, #3193, #1681, #2631 ) ) ;
#2524 = ORIENTED_EDGE ( 'NONE', *, *, #582, .T. ) ;
#2525 = FACE_OUTER_BOUND ( 'NONE', #1637, .T. ) ;
#2526 = EDGE_CURVE ( 'NONE', #1937, #2580, #136, .T. ) ;
#2527 = ORIENTED_EDGE ( 'NONE', *, *, #2250, .T. ) ;
#2528 = AXIS2_PLACEMENT_3D ( 'NONE', #2088, #2360, #2809 ) ;
#2529 = FACE_OUTER_BOUND ( 'NONE', #2369, .T. ) ;
#2530 = DIRECTION ( 'NONE',  ( 0.000000000000000000, 0.000000000000000000, -1.000000000000000000 ) ) ;
#2531 = DIRECTION ( 'NONE',  ( -4.625929269271484533E-15, 0.000000000000000000, 1.000000000000000000 ) ) ;
#2532 = AXIS2_PLACEMENT_3D ( 'NONE', #508, #1743, #1299 ) ;
#2533 = EDGE_CURVE ( 'NONE', #1071, #298, #2817, .T. ) ;
#2534 = CARTESIAN_POINT ( 'NONE',  ( -43.00000000000015632, 0.000000000000000000, -43.00000000000000000 ) ) ;
#2535 = CARTESIAN_POINT ( 'NONE',  ( 43.00000000000000000, -1.850413453435900827E-15, 30.00000000000000355 ) ) ;
#2536 = FACE_OUTER_BOUND ( 'NONE', #2181, .T. ) ;
#2537 = CARTESIAN_POINT ( 'NONE',  ( 3.980102097228898231E-16, -75.00000000000001421, -3.250000000000000444 ) ) ;
#2538 = DIRECTION ( 'NONE',  ( -0.000000000000000000, -0.000000000000000000, 1.000000000000000000 ) ) ;
#2539 = EDGE_CURVE ( 'NONE', #197, #597, #758, .T. ) ;
#2540 = DIRECTION ( 'NONE',  ( -0.000000000000000000, -1.000000000000000000, -0.000000000000000000 ) ) ;
#2541 = VERTEX_POINT ( 'NONE', #3228 ) ;
#2542 = FACE_OUTER_BOUND ( 'NONE', #1111, .T. ) ;
#2543 = ORIENTED_EDGE ( 'NONE', *, *, #1222, .T. ) ;
#2544 = LINE ( 'NONE', #2820, #357 ) ;
#2545 = CARTESIAN_POINT ( 'NONE',  ( 42.99999999999985789, 0.000000000000000000, -35.00000000000000000 ) ) ;
#2546 = CYLINDRICAL_SURFACE ( 'NONE', #447, 3.250000000000002665 ) ;
#2547 = AXIS2_PLACEMENT_3D ( 'NONE', #1144, #1868, #1338 ) ;
#2548 = CARTESIAN_POINT ( 'NONE',  ( 12.00000000000000355, 21.76524056661578044, -62.86493458200685325 ) ) ;
#2549 = FACE_OUTER_BOUND ( 'NONE', #2368, .T. ) ;
#2550 = FACE_BOUND ( 'NONE', #1803, .T. ) ;
#2551 = DIRECTION ( 'NONE',  ( -1.734723475976807094E-15, 0.000000000000000000, 1.000000000000000000 ) ) ;
#2552 = AXIS2_PLACEMENT_3D ( 'NONE', #1332, #346, #3072 ) ;
#2553 = DIRECTION ( 'NONE',  ( -1.000000000000000000, 0.000000000000000000, 0.000000000000000000 ) ) ;
#2554 = ORIENTED_EDGE ( 'NONE', *, *, #1437, .T. ) ;
#2555 = ADVANCED_FACE ( 'NONE', ( #1562 ), #269, .F. ) ;
#2556 = EDGE_LOOP ( 'NONE', ( #2411, #1202, #177 ) ) ;
#2557 = DIRECTION ( 'NONE',  ( -0.000000000000000000, -1.000000000000000000, -0.000000000000000000 ) ) ;
#2558 = ORIENTED_EDGE ( 'NONE', *, *, #2216, .F. ) ;
#2559 = VECTOR ( 'NONE', #1943, 1000.000000000000000 ) ;
#2560 = DIRECTION ( 'NONE',  ( -0.000000000000000000, -0.000000000000000000, 1.000000000000000000 ) ) ;
#2561 = DIRECTION ( 'NONE',  ( -0.000000000000000000, -0.000000000000000000, 1.000000000000000000 ) ) ;
#2562 = DIRECTION ( 'NONE',  ( 0.000000000000000000, 0.000000000000000000, 1.000000000000000000 ) ) ;
#2563 = VECTOR ( 'NONE', #564, 1000.000000000000000 ) ;
#2564 = DIRECTION ( 'NONE',  ( -3.407733626563535326E-15, -0.2177091034974870110, -0.9760137018783704432 ) ) ;
#2565 = CARTESIAN_POINT ( 'NONE',  ( 64.00000000000018474, -60.00000000000000000, 12.00000000000022560 ) ) ;
#2566 = CARTESIAN_POINT ( 'NONE',  ( 43.00000000000045475, 0.000000000000000000, 35.00000000000000000 ) ) ;
#2567 = ADVANCED_FACE ( 'NONE', ( #2513 ), #3042, .F. ) ;
#2568 = DIRECTION ( 'NONE',  ( 0.000000000000000000, 1.000000000000000000, 0.000000000000000000 ) ) ;
#2569 = ORIENTED_EDGE ( 'NONE', *, *, #1718, .F. ) ;
#2570 = EDGE_CURVE ( 'NONE', #329, #997, #1544, .T. ) ;
#2571 = LINE ( 'NONE', #331, #1507 ) ;
#2572 = CARTESIAN_POINT ( 'NONE',  ( -18.00000000000000355, -60.00000000000000000, -64.00000000000000000 ) ) ;
#2573 = VERTEX_POINT ( 'NONE', #324 ) ;
#2574 = ORIENTED_EDGE ( 'NONE', *, *, #142, .F. ) ;
#2575 = AXIS2_PLACEMENT_3D ( 'NONE', #2937, #2732, #2715 ) ;
#2576 = DIRECTION ( 'NONE',  ( 1.000000000000000000, 0.000000000000000000, 0.000000000000000000 ) ) ;
#2577 = AXIS2_PLACEMENT_3D ( 'NONE', #3125, #900, #141 ) ;
#2578 = DIRECTION ( 'NONE',  ( -0.000000000000000000, -1.000000000000000000, -0.000000000000000000 ) ) ;
#2579 = EDGE_LOOP ( 'NONE', ( #2915, #2543 ) ) ;
#2580 = VERTEX_POINT ( 'NONE', #1794 ) ;
#2581 = CIRCLE ( 'NONE', #3184, 3.000000000000002665 ) ;
#2582 = DIRECTION ( 'NONE',  ( -0.000000000000000000, -1.000000000000000000, -0.000000000000000000 ) ) ;
#2583 = LINE ( 'NONE', #89, #1853 ) ;
#2584 = FACE_BOUND ( 'NONE', #1891, .T. ) ;
#2585 = ORIENTED_EDGE ( 'NONE', *, *, #895, .T. ) ;
#2586 = ORIENTED_EDGE ( 'NONE', *, *, #2358, .T. ) ;
#2587 = EDGE_CURVE ( 'NONE', #1431, #2139, #3057, .T. ) ;
#2588 = DIRECTION ( 'NONE',  ( 0.000000000000000000, 0.000000000000000000, 1.000000000000000000 ) ) ;
#2589 = DIRECTION ( 'NONE',  ( 0.000000000000000000, 0.000000000000000000, 1.000000000000000000 ) ) ;
#2590 = ORIENTED_EDGE ( 'NONE', *, *, #1596, .F. ) ;
#2591 = ORIENTED_EDGE ( 'NONE', *, *, #2482, .T. ) ;
#2592 = CARTESIAN_POINT ( 'NONE',  ( -35.00000000000000000, 0.000000000000000000, -35.00000000000000000 ) ) ;
#2593 = CARTESIAN_POINT ( 'NONE',  ( 30.00000000000000000, -60.00000000000000000, -14.99999999999989697 ) ) ;
#2594 = EDGE_LOOP ( 'NONE', ( #2849, #2625, #414, #1449 ) ) ;
#2595 = CARTESIAN_POINT ( 'NONE',  ( -18.00000000000000355, -15.00000000000000000, -64.00000000000000000 ) ) ;
#2596 = AXIS2_PLACEMENT_3D ( 'NONE', #254, #1798, #236 ) ;
#2597 = CARTESIAN_POINT ( 'NONE',  ( -15.00000000000000000, -15.00000000000000000, 35.00000000000000000 ) ) ;
#2598 = EDGE_CURVE ( 'NONE', #344, #2676, #2752, .T. ) ;
#2599 = DIRECTION ( 'NONE',  ( 0.000000000000000000, 0.000000000000000000, -1.000000000000000000 ) ) ;
#2600 = CIRCLE ( 'NONE', #2856, 3.250000000000000444 ) ;
#2601 = VERTEX_POINT ( 'NONE', #547 ) ;
#2602 = VECTOR ( 'NONE', #631, 1000.000000000000000 ) ;
#2603 = LINE ( 'NONE', #113, #3019 ) ;
#2604 = CARTESIAN_POINT ( 'NONE',  ( 26.68629150101565273, -79.99999999999873523, 35.00000000000000000 ) ) ;
#2605 = ORIENTED_EDGE ( 'NONE', *, *, #1788, .F. ) ;
#2606 = ORIENTED_EDGE ( 'NONE', *, *, #1072, .F. ) ;
#2607 = ADVANCED_FACE ( 'NONE', ( #2311 ), #2546, .F. ) ;
#2608 = AXIS2_PLACEMENT_3D ( 'NONE', #2492, #247, #985 ) ;
#2609 = DIRECTION ( 'NONE',  ( -1.000000000000000000, -0.000000000000000000, -3.491481338843133750E-15 ) ) ;
#2610 = LINE ( 'NONE', #3106, #605 ) ;
#2611 = ORIENTED_EDGE ( 'NONE', *, *, #3038, .F. ) ;
#2612 = VECTOR ( 'NONE', #2251, 1000.000000000000000 ) ;
#2613 = AXIS2_PLACEMENT_3D ( 'NONE', #215, #2457, #1208 ) ;
#2614 = CARTESIAN_POINT ( 'NONE',  ( 29.99999999999999645, 0.000000000000000000, -30.00000000000000000 ) ) ;
#2615 = DIRECTION ( 'NONE',  ( -0.2177091034974870110, 0.9760137018783704432, 0.000000000000000000 ) ) ;
#2616 = DIRECTION ( 'NONE',  ( 1.000000000000000000, 0.000000000000000000, -1.047444401652940007E-14 ) ) ;
#2617 = ORIENTED_EDGE ( 'NONE', *, *, #2768, .T. ) ;
#2618 = EDGE_CURVE ( 'NONE', #2601, #1833, #2068, .T. ) ;
#2619 = CARTESIAN_POINT ( 'NONE',  ( 15.00000000000000355, -60.00000000000000000, -30.00000000000000000 ) ) ;
#2620 = DIRECTION ( 'NONE',  ( -1.000000000000000000, 0.000000000000000000, 0.000000000000000000 ) ) ;
#2621 = ORIENTED_EDGE ( 'NONE', *, *, #2019, .T. ) ;
#2622 = DIRECTION ( 'NONE',  ( 1.000000000000000000, 0.000000000000000000, 0.000000000000000000 ) ) ;
#2623 = EDGE_CURVE ( 'NONE', #1276, #964, #3205, .T. ) ;
#2624 = DIRECTION ( 'NONE',  ( 0.000000000000000000, 1.000000000000000000, 0.000000000000000000 ) ) ;
#2625 = ORIENTED_EDGE ( 'NONE', *, *, #2598, .T. ) ;
#2626 = ORIENTED_EDGE ( 'NONE', *, *, #2019, .F. ) ;
#2627 = CARTESIAN_POINT ( 'NONE',  ( 15.00000000000000000, -15.00000000000000000, -35.00000000000000000 ) ) ;
#2628 = DIRECTION ( 'NONE',  ( -0.000000000000000000, -0.000000000000000000, 1.000000000000000000 ) ) ;
#2629 = ADVANCED_FACE ( 'NONE', ( #70 ), #305, .F. ) ;
#2630 = AXIS2_PLACEMENT_3D ( 'NONE', #782, #535, #1217 ) ;
#2631 = ORIENTED_EDGE ( 'NONE', *, *, #2742, .T. ) ;
#2632 = DIRECTION ( 'NONE',  ( 0.000000000000000000, 0.000000000000000000, 1.000000000000000000 ) ) ;
#2633 = ADVANCED_FACE ( 'NONE', ( #1759, #2296, #3026, #1074, #2805 ), #793, .F. ) ;
#2634 = CARTESIAN_POINT ( 'NONE',  ( 42.52184732581616800, 4.999999999999996447, -27.79999999999960636 ) ) ;
#2635 = VERTEX_POINT ( 'NONE', #807 ) ;
#2636 = ORIENTED_EDGE ( 'NONE', *, *, #2618, .T. ) ;
#2637 = CARTESIAN_POINT ( 'NONE',  ( -29.99999999999963407, -80.00000000000000000, 35.00000000000031264 ) ) ;
#2638 = CARTESIAN_POINT ( 'NONE',  ( -21.99999999999955236, -80.00000000000000000, 35.00000000000000000 ) ) ;
#2639 = ORIENTED_EDGE ( 'NONE', *, *, #882, .F. ) ;
#2640 = FACE_BOUND ( 'NONE', #544, .T. ) ;
#2641 = CARTESIAN_POINT ( 'NONE',  ( 64.00000000000027001, -60.00000000000000000, -11.99999999999977796 ) ) ;
#2642 = VECTOR ( 'NONE', #2495, 1000.000000000000000 ) ;
#2643 = ADVANCED_FACE ( 'NONE', ( #2991 ), #562, .F. ) ;
#2644 = ORIENTED_EDGE ( 'NONE', *, *, #865, .F. ) ;
#2645 = VERTEX_POINT ( 'NONE', #1284 ) ;
#2646 = CARTESIAN_POINT ( 'NONE',  ( 34.99999999999985079, -44.13512577292413397, -42.99999999999997868 ) ) ;
#2647 = ORIENTED_EDGE ( 'NONE', *, *, #2708, .F. ) ;
#2648 = VECTOR ( 'NONE', #2850, 1000.000000000000000 ) ;
#2649 = ORIENTED_EDGE ( 'NONE', *, *, #667, .F. ) ;
#2650 = DIRECTION ( 'NONE',  ( 0.000000000000000000, -1.000000000000000000, 0.000000000000000000 ) ) ;
#2651 = LINE ( 'NONE', #2422, #125 ) ;
#2652 = VECTOR ( 'NONE', #140, 1000.000000000000000 ) ;
#2653 = CIRCLE ( 'NONE', #883, 3.000000000000000888 ) ;
#2654 = FACE_BOUND ( 'NONE', #2213, .T. ) ;
#2655 = EDGE_CURVE ( 'NONE', #2062, #1859, #37, .T. ) ;
#2656 = AXIS2_PLACEMENT_3D ( 'NONE', #252, #1250, #2026 ) ;
#2657 = CARTESIAN_POINT ( 'NONE',  ( -59.99999999999997158, 25.49999999999999645, 0.000000000000000000 ) ) ;
#2658 = VERTEX_POINT ( 'NONE', #530 ) ;
#2659 =( BOUNDED_CURVE ( )  B_SPLINE_CURVE ( 3, ( #2057, #796, #579, #1109 ),
 .UNSPECIFIED., .F., .F. ) 
 B_SPLINE_CURVE_WITH_KNOTS ( ( 4, 4 ),
 ( 0.7853981633974430610, 1.570796326794896336 ),
 .UNSPECIFIED. ) 
 CURVE ( )  GEOMETRIC_REPRESENTATION_ITEM ( )  RATIONAL_B_SPLINE_CURVE ( ( 1.000000000000000000, 0.9492530216741905669, 0.9492530216741905669, 1.000000000000000000 ) ) 
 REPRESENTATION_ITEM ( '' )  );
#2660 = LINE ( 'NONE', #1910, #2406 ) ;
#2661 = EDGE_CURVE ( 'NONE', #3036, #2692, #1526, .T. ) ;
#2662 = EDGE_LOOP ( 'NONE', ( #104, #2948, #1290, #1501 ) ) ;
#2663 = ORIENTED_EDGE ( 'NONE', *, *, #1267, .T. ) ;
#2664 = DIRECTION ( 'NONE',  ( -0.000000000000000000, -0.000000000000000000, 1.000000000000000000 ) ) ;
#2665 = DIRECTION ( 'NONE',  ( 0.000000000000000000, 0.000000000000000000, 1.000000000000000000 ) ) ;
#2666 = ORIENTED_EDGE ( 'NONE', *, *, #110, .F. ) ;
#2667 = EDGE_LOOP ( 'NONE', ( #450, #1646, #868, #2626 ) ) ;
#2668 = LINE ( 'NONE', #1194, #11 ) ;
#2669 = DIRECTION ( 'NONE',  ( 0.000000000000000000, 0.000000000000000000, -1.000000000000000000 ) ) ;
#2670 = FACE_OUTER_BOUND ( 'NONE', #2049, .T. ) ;
#2671 = ORIENTED_EDGE ( 'NONE', *, *, #2398, .F. ) ;
#2672 = LINE ( 'NONE', #427, #2134 ) ;
#2673 = VECTOR ( 'NONE', #1162, 1000.000000000000000 ) ;
#2674 = ORIENTED_EDGE ( 'NONE', *, *, #607, .T. ) ;
#2675 = ORIENTED_EDGE ( 'NONE', *, *, #277, .F. ) ;
#2676 = VERTEX_POINT ( 'NONE', #3116 ) ;
#2677 = AXIS2_PLACEMENT_3D ( 'NONE', #2751, #15, #1808 ) ;
#2678 = DIRECTION ( 'NONE',  ( 0.000000000000000000, 0.000000000000000000, -1.000000000000000000 ) ) ;
#2679 = DIRECTION ( 'NONE',  ( -0.9760137018783704432, 0.2177091034974870110, 0.000000000000000000 ) ) ;
#2680 = ORIENTED_EDGE ( 'NONE', *, *, #1400, .T. ) ;
#2681 = VERTEX_POINT ( 'NONE', #890 ) ;
#2682 = FACE_OUTER_BOUND ( 'NONE', #1786, .T. ) ;
#2683 = VECTOR ( 'NONE', #673, 1000.000000000000000 ) ;
#2684 = LINE ( 'NONE', #458, #2987 ) ;
#2685 = EDGE_CURVE ( 'NONE', #260, #2986, #83, .T. ) ;
#2686 = EDGE_CURVE ( 'NONE', #1844, #932, #103, .T. ) ;
#2687 = DIRECTION ( 'NONE',  ( 0.000000000000000000, 1.000000000000000000, 0.000000000000000000 ) ) ;
#2688 = EDGE_LOOP ( 'NONE', ( #468, #2305, #599, #1577 ) ) ;
#2689 = LINE ( 'NONE', #881, #2652 ) ;
#2690 =( NAMED_UNIT ( * ) PLANE_ANGLE_UNIT ( ) SI_UNIT ( $, .RADIAN. ) );
#2691 = EDGE_LOOP ( 'NONE', ( #1001, #352, #2092, #840 ) ) ;
#2692 = VERTEX_POINT ( 'NONE', #636 ) ;
#2693 = AXIS2_PLACEMENT_3D ( 'NONE', #2357, #2083, #376 ) ;
#2694 = CARTESIAN_POINT ( 'NONE',  ( 0.000000000000000000, -1.850413453435900827E-15, 30.00000000000000355 ) ) ;
#2695 = EDGE_CURVE ( 'NONE', #260, #329, #2610, .T. ) ;
#2696 = LINE ( 'NONE', #1435, #1133 ) ;
#2697 = EDGE_CURVE ( 'NONE', #2188, #1901, #1760, .T. ) ;
#2698 = ORIENTED_EDGE ( 'NONE', *, *, #2587, .T. ) ;
#2699 = DIRECTION ( 'NONE',  ( 1.000000000000000000, 0.000000000000000000, -0.000000000000000000 ) ) ;
#2700 = DIRECTION ( 'NONE',  ( -1.000000000000000000, -0.000000000000000000, -3.491481338843133750E-15 ) ) ;
#2701 = EDGE_CURVE ( 'NONE', #1883, #2541, #1441, .T. ) ;
#2702 = AXIS2_PLACEMENT_3D ( 'NONE', #577, #82, #302 ) ;
#2703 = CARTESIAN_POINT ( 'NONE',  ( -15.00000000000000355, -60.00000000000000000, 35.00000000000000000 ) ) ;
#2704 = LINE ( 'NONE', #743, #612 ) ;
#2705 = VECTOR ( 'NONE', #1956, 1000.000000000000114 ) ;
#2706 = DIRECTION ( 'NONE',  ( -0.000000000000000000, 1.000000000000000000, -0.000000000000000000 ) ) ;
#2707 = ORIENTED_EDGE ( 'NONE', *, *, #1907, .T. ) ;
#2708 = EDGE_CURVE ( 'NONE', #1814, #344, #2433, .T. ) ;
#2709 = CIRCLE ( 'NONE', #2136, 8.000000000000000000 ) ;
#2710 = ORIENTED_EDGE ( 'NONE', *, *, #548, .F. ) ;
#2711 = EDGE_CURVE ( 'NONE', #1087, #2198, #1105, .T. ) ;
#2712 = DIRECTION ( 'NONE',  ( 1.000000000000000000, 0.000000000000000000, -3.491481338843133355E-15 ) ) ;
#2713 = DIRECTION ( 'NONE',  ( -4.625929269271484533E-15, 0.000000000000000000, 1.000000000000000000 ) ) ;
#2714 = ORIENTED_EDGE ( 'NONE', *, *, #2070, .F. ) ;
#2715 = DIRECTION ( 'NONE',  ( 0.000000000000000000, 0.000000000000000000, 1.000000000000000000 ) ) ;
#2716 = EDGE_CURVE ( 'NONE', #637, #1404, #1862, .T. ) ;
#2717 = DIRECTION ( 'NONE',  ( -0.2177091034974870110, 0.9760137018783704432, 0.000000000000000000 ) ) ;
#2718 = CARTESIAN_POINT ( 'NONE',  ( 64.00000000000017053, -60.00000000000000000, 15.00000000000022737 ) ) ;
#2719 = CYLINDRICAL_SURFACE ( 'NONE', #318, 3.000000000000000888 ) ;
#2720 = CARTESIAN_POINT ( 'NONE',  ( 29.99999999999999645, -80.00000000000000000, -30.00000000000000000 ) ) ;
#2721 = CYLINDRICAL_SURFACE ( 'NONE', #443, 3.000000000000000888 ) ;
#2722 = CARTESIAN_POINT ( 'NONE',  ( 43.00000000000000000, -44.13512577292345185, -30.00000000000000355 ) ) ;
#2723 = ORIENTED_EDGE ( 'NONE', *, *, #1215, .T. ) ;
#2724 = EDGE_CURVE ( 'NONE', #1207, #1896, #857, .T. ) ;
#2725 = AXIS2_PLACEMENT_3D ( 'NONE', #1764, #2757, #1049 ) ;
#2726 = ORIENTED_EDGE ( 'NONE', *, *, #1771, .T. ) ;
#2727 = VERTEX_POINT ( 'NONE', #2638 ) ;
#2728 = ADVANCED_FACE ( 'NONE', ( #1854 ), #2851, .F. ) ;
#2729 = DIRECTION ( 'NONE',  ( -1.000000000000000000, -0.000000000000000000, -3.491481338843133750E-15 ) ) ;
#2730 = ORIENTED_EDGE ( 'NONE', *, *, #495, .F. ) ;
#2731 = ORIENTED_EDGE ( 'NONE', *, *, #607, .F. ) ;
#2732 = DIRECTION ( 'NONE',  ( -0.000000000000000000, -1.000000000000000000, -0.000000000000000000 ) ) ;
#2733 = CARTESIAN_POINT ( 'NONE',  ( -35.00000000000000000, -15.00000000000000000, -12.00000000000011902 ) ) ;
#2734 = DIRECTION ( 'NONE',  ( 1.000000000000000000, 0.000000000000000000, 0.000000000000000000 ) ) ;
#2735 = CARTESIAN_POINT ( 'NONE',  ( 12.00000000000000000, 21.49999999999996803, -62.86493458200685325 ) ) ;
#2736 = FACE_OUTER_BOUND ( 'NONE', #1328, .T. ) ;
#2737 = ORIENTED_EDGE ( 'NONE', *, *, #2686, .T. ) ;
#2738 = DIRECTION ( 'NONE',  ( -1.000000000000000000, -0.000000000000000000, -0.000000000000000000 ) ) ;
#2739 = VERTEX_POINT ( 'NONE', #1395 ) ;
#2740 = ORIENTED_EDGE ( 'NONE', *, *, #1744, .T. ) ;
#2741 = ORIENTED_EDGE ( 'NONE', *, *, #2539, .F. ) ;
#2742 = EDGE_CURVE ( 'NONE', #1279, #623, #2600, .T. ) ;
#2743 = AXIS2_PLACEMENT_3D ( 'NONE', #1858, #2616, #341 ) ;
#2744 = DIRECTION ( 'NONE',  ( 0.000000000000000000, 0.000000000000000000, -1.000000000000000000 ) ) ;
#2745 = VECTOR ( 'NONE', #1265, 1000.000000000000000 ) ;
#2746 =( BOUNDED_CURVE ( )  B_SPLINE_CURVE ( 3, ( #1998, #1054, #1365, #371 ),
 .UNSPECIFIED., .F., .F. ) 
 B_SPLINE_CURVE_WITH_KNOTS ( ( 4, 4 ),
 ( 0.7853981633974462806, 1.570796326794896336 ),
 .UNSPECIFIED. ) 
 CURVE ( )  GEOMETRIC_REPRESENTATION_ITEM ( )  RATIONAL_B_SPLINE_CURVE ( ( 1.000000000000000000, 0.9492530216741910110, 0.9492530216741910110, 1.000000000000000000 ) ) 
 REPRESENTATION_ITEM ( '' )  );
#2747 = ORIENTED_EDGE ( 'NONE', *, *, #2113, .F. ) ;
#2748 = LINE ( 'NONE', #1574, #2236 ) ;
#2749 = CARTESIAN_POINT ( 'NONE',  ( 42.52184732581616800, -75.00000000000001421, -27.79999999999960636 ) ) ;
#2750 = CIRCLE ( 'NONE', #3150, 3.000000000000002665 ) ;
#2751 = CARTESIAN_POINT ( 'NONE',  ( 15.00000000000000000, -15.00000000000000000, -64.00000000000000000 ) ) ;
#2752 = LINE ( 'NONE', #2792, #1913 ) ;
#2753 = EDGE_CURVE ( 'NONE', #3023, #28, #2949, .T. ) ;
#2754 = PLANE ( 'NONE',  #2656 ) ;
#2755 = DIRECTION ( 'NONE',  ( -0.000000000000000000, 0.000000000000000000, 1.000000000000000000 ) ) ;
#2756 = FACE_OUTER_BOUND ( 'NONE', #242, .T. ) ;
#2757 = DIRECTION ( 'NONE',  ( -1.000000000000000000, 0.000000000000000000, 0.000000000000000000 ) ) ;
#2758 = VECTOR ( 'NONE', #972, 1000.000000000000000 ) ;
#2759 = LINE ( 'NONE', #496, #801 ) ;
#2760 = VECTOR ( 'NONE', #1351, 1000.000000000000000 ) ;
#2761 = CARTESIAN_POINT ( 'NONE',  ( -34.99999999999999289, -80.00000000000007105, 35.00000000000035527 ) ) ;
#2762 = ORIENTED_EDGE ( 'NONE', *, *, #786, .T. ) ;
#2763 = ORIENTED_EDGE ( 'NONE', *, *, #2655, .T. ) ;
#2764 = AXIS2_PLACEMENT_3D ( 'NONE', #2926, #898, #1390 ) ;
#2765 = ORIENTED_EDGE ( 'NONE', *, *, #2138, .F. ) ;
#2766 = CARTESIAN_POINT ( 'NONE',  ( -35.00000000000000000, -79.99999999999998579, -26.68629150101524417 ) ) ;
#2767 = CIRCLE ( 'NONE', #1966, 3.000000000000002665 ) ;
#2768 = EDGE_CURVE ( 'NONE', #465, #1396, #1581, .T. ) ;
#2769 = DIRECTION ( 'NONE',  ( -0.000000000000000000, -0.000000000000000000, 1.000000000000000000 ) ) ;
#2770 = ORIENTED_EDGE ( 'NONE', *, *, #1936, .T. ) ;
#2771 = ORIENTED_EDGE ( 'NONE', *, *, #2697, .F. ) ;
#2772 = CIRCLE ( 'NONE', #50, 3.250000000000000444 ) ;
#2773 = EDGE_CURVE ( 'NONE', #2858, #1219, #146, .T. ) ;
#2774 = CARTESIAN_POINT ( 'NONE',  ( -18.00000000000000355, -60.00000000000000000, -35.00000000000000000 ) ) ;
#2775 = CARTESIAN_POINT ( 'NONE',  ( -30.00000000000015277, -80.00000000000000000, -42.99999999999997868 ) ) ;
#2776 = CARTESIAN_POINT ( 'NONE',  ( 64.00000000000029843, -15.00000000000000000, -17.99999999999977618 ) ) ;
#2777 = EDGE_CURVE ( 'NONE', #1692, #471, #32, .T. ) ;
#2778 = LINE ( 'NONE', #3212, #1879 ) ;
#2779 = CARTESIAN_POINT ( 'NONE',  ( 12.00000000000000000, 25.49999999999999645, -34.84497836842659524 ) ) ;
#2780 = DIRECTION ( 'NONE',  ( -1.000000000000000000, 0.000000000000000000, 0.000000000000000000 ) ) ;
#2781 = LINE ( 'NONE', #1063, #2255 ) ;
#2782 = CARTESIAN_POINT ( 'NONE',  ( 18.00000000000000355, -15.00000000000000000, 35.00000000000000000 ) ) ;
#2783 = SURFACE_STYLE_USAGE ( .BOTH. , #222 ) ;
#2784 = ORIENTED_EDGE ( 'NONE', *, *, #809, .T. ) ;
#2785 = ORIENTED_EDGE ( 'NONE', *, *, #1460, .T. ) ;
#2786 = CIRCLE ( 'NONE', #847, 3.000000000000000888 ) ;
#2787 = FACE_OUTER_BOUND ( 'NONE', #396, .T. ) ;
#2788 = ORIENTED_EDGE ( 'NONE', *, *, #1362, .T. ) ;
#2789 = AXIS2_PLACEMENT_3D ( 'NONE', #1388, #2650, #1903 ) ;
#2790 = CARTESIAN_POINT ( 'NONE',  ( 35.00000000000000000, -60.00000000000000000, -17.99999999999987921 ) ) ;
#2791 = DIRECTION ( 'NONE',  ( 1.000000000000000000, 0.000000000000000000, -0.000000000000000000 ) ) ;
#2792 = CARTESIAN_POINT ( 'NONE',  ( 64.00000000000018474, -60.00000000000000000, 12.00000000000022560 ) ) ;
#2793 = AXIS2_PLACEMENT_3D ( 'NONE', #1696, #440, #409 ) ;
#2794 = PLANE ( 'NONE',  #2299 ) ;
#2795 = CARTESIAN_POINT ( 'NONE',  ( -35.00000000000019185, -9.252067267179504135E-16, -52.84475796423735972 ) ) ;
#2796 = CARTESIAN_POINT ( 'NONE',  ( -35.00000000000000000, -15.00000000000000000, -15.00000000000012079 ) ) ;
#2797 = CARTESIAN_POINT ( 'NONE',  ( -35.00000000000000000, -15.00000000000000000, 11.99999999999987566 ) ) ;
#2798 = ORIENTED_EDGE ( 'NONE', *, *, #1555, .T. ) ;
#2799 = EDGE_LOOP ( 'NONE', ( #3067, #1159 ) ) ;
#2800 = DIRECTION ( 'NONE',  ( 0.000000000000000000, 0.000000000000000000, 1.000000000000000000 ) ) ;
#2801 = LINE ( 'NONE', #802, #2952 ) ;
#2802 = ORIENTED_EDGE ( 'NONE', *, *, #2854, .F. ) ;
#2803 = CYLINDRICAL_SURFACE ( 'NONE', #2905, 3.000000000000000888 ) ;
#2804 = CARTESIAN_POINT ( 'NONE',  ( 18.00000000000000355, -60.00000000000000000, -35.00000000000000000 ) ) ;
#2805 = FACE_OUTER_BOUND ( 'NONE', #3001, .T. ) ;
#2806 = EDGE_CURVE ( 'NONE', #2739, #2920, #2807, .T. ) ;
#2807 = CIRCLE ( 'NONE', #1815, 3.250000000000002665 ) ;
#2808 = CARTESIAN_POINT ( 'NONE',  ( 11.99999999999999645, -15.00000000000000000, 35.00000000000000000 ) ) ;
#2809 = DIRECTION ( 'NONE',  ( 0.000000000000000000, 0.000000000000000000, -1.000000000000000000 ) ) ;
#2810 = ADVANCED_FACE ( 'NONE', ( #1384 ), #2324, .F. ) ;
#2811 = DIRECTION ( 'NONE',  ( -3.491481338843133355E-15, 0.000000000000000000, -1.000000000000000000 ) ) ;
#2812 = EDGE_LOOP ( 'NONE', ( #771, #2945, #192, #695 ) ) ;
#2813 = CIRCLE ( 'NONE', #2230, 3.000000000000000888 ) ;
#2814 = CARTESIAN_POINT ( 'NONE',  ( -12.00000000000000000, 24.16200038644118564, -61.84347001611506300 ) ) ;
#2815 = DIRECTION ( 'NONE',  ( 0.000000000000000000, 0.000000000000000000, 1.000000000000000000 ) ) ;
#2816 = EDGE_CURVE ( 'NONE', #197, #1053, #132, .T. ) ;
#2817 = LINE ( 'NONE', #575, #2336 ) ;
#2818 = VERTEX_POINT ( 'NONE', #3155 ) ;
#2819 = PRESENTATION_LAYER_ASSIGNMENT (  '', '', ( #1303 ) ) ;
#2820 = CARTESIAN_POINT ( 'NONE',  ( 0.000000000000000000, -75.00000000000001421, 52.35000000000000853 ) ) ;
#2821 = DIRECTION ( 'NONE',  ( -1.000000000000000000, -0.000000000000000000, -3.491481338843133750E-15 ) ) ;
#2822 = VERTEX_POINT ( 'NONE', #1454 ) ;
#2823 = ADVANCED_FACE ( 'NONE', ( #1723 ), #1674, .F. ) ;
#2824 = CARTESIAN_POINT ( 'NONE',  ( 0.000000000000000000, 0.000000000000000000, 49.10000000000000142 ) ) ;
#2825 = LINE ( 'NONE', #2565, #1381 ) ;
#2826 = DIRECTION ( 'NONE',  ( 0.000000000000000000, 1.000000000000000000, 0.000000000000000000 ) ) ;
#2827 = DIRECTION ( 'NONE',  ( -0.000000000000000000, -1.000000000000000000, -0.000000000000000000 ) ) ;
#2828 = ORIENTED_EDGE ( 'NONE', *, *, #2701, .T. ) ;
#2829 = EDGE_CURVE ( 'NONE', #964, #1132, #2696, .T. ) ;
#2830 = LINE ( 'NONE', #588, #2389 ) ;
#2831 = FACE_BOUND ( 'NONE', #1413, .T. ) ;
#2832 = ORIENTED_EDGE ( 'NONE', *, *, #2235, .F. ) ;
#2833 = VERTEX_POINT ( 'NONE', #2202 ) ;
#2834 = EDGE_CURVE ( 'NONE', #189, #1066, #2152, .T. ) ;
#2835 = AXIS2_PLACEMENT_3D ( 'NONE', #1175, #2206, #1440 ) ;
#2836 = CARTESIAN_POINT ( 'NONE',  ( 37.34314575050804308, -69.49542154529002858, 37.34314575050765228 ) ) ;
#2837 = VECTOR ( 'NONE', #1958, 1000.000000000000114 ) ;
#2838 = DIRECTION ( 'NONE',  ( -1.000000000000000000, 0.000000000000000000, 0.000000000000000000 ) ) ;
#2839 = AXIS2_PLACEMENT_3D ( 'NONE', #2960, #727, #1729 ) ;
#2840 = DIRECTION ( 'NONE',  ( 0.000000000000000000, 0.000000000000000000, 1.000000000000000000 ) ) ;
#2841 = DIRECTION ( 'NONE',  ( 0.000000000000000000, 0.000000000000000000, -1.000000000000000000 ) ) ;
#2842 = CARTESIAN_POINT ( 'NONE',  ( -35.00000000000000000, -80.00000000000000000, 35.00000000000000000 ) ) ;
#2843 = AXIS2_PLACEMENT_3D ( 'NONE', #3209, #1543, #986 ) ;
#2844 = EDGE_LOOP ( 'NONE', ( #2316, #559 ) ) ;
#2845 = ORIENTED_EDGE ( 'NONE', *, *, #2777, .F. ) ;
#2846 = LINE ( 'NONE', #1128, #1567 ) ;
#2847 = DIRECTION ( 'NONE',  ( -0.000000000000000000, -0.000000000000000000, 1.000000000000000000 ) ) ;
#2848 = ORIENTED_EDGE ( 'NONE', *, *, #2250, .F. ) ;
#2849 = ORIENTED_EDGE ( 'NONE', *, *, #1791, .F. ) ;
#2850 = DIRECTION ( 'NONE',  ( -0.000000000000000000, -0.000000000000000000, -1.000000000000000000 ) ) ;
#2851 = CYLINDRICAL_SURFACE ( 'NONE', #708, 3.250000000000002665 ) ;
#2852 = CARTESIAN_POINT ( 'NONE',  ( 35.00000000000000000, -80.00000000000000000, 22.00000000000000711 ) ) ;
#2853 = CYLINDRICAL_SURFACE ( 'NONE', #1533, 8.000000000000000000 ) ;
#2854 = EDGE_CURVE ( 'NONE', #2427, #2645, #2428, .T. ) ;
#2855 = FACE_BOUND ( 'NONE', #1370, .T. ) ;
#2856 = AXIS2_PLACEMENT_3D ( 'NONE', #119, #2130, #1600 ) ;
#2857 =( BOUNDED_CURVE ( )  B_SPLINE_CURVE ( 3, ( #1367, #404, #2385, #145 ),
 .UNSPECIFIED., .F., .F. ) 
 B_SPLINE_CURVE_WITH_KNOTS ( ( 4, 4 ),
 ( 4.712388980384689674, 5.497787143782142394 ),
 .UNSPECIFIED. ) 
 CURVE ( )  GEOMETRIC_REPRESENTATION_ITEM ( )  RATIONAL_B_SPLINE_CURVE ( ( 1.000000000000000000, 0.9492530216741906779, 0.9492530216741906779, 1.000000000000000000 ) ) 
 REPRESENTATION_ITEM ( '' )  );
#2858 = VERTEX_POINT ( 'NONE', #1707 ) ;
#2859 = AXIS2_PLACEMENT_3D ( 'NONE', #754, #66, #2744 ) ;
#2860 = CARTESIAN_POINT ( 'NONE',  ( -12.00000000000000000, 24.98267709502779255, -60.81220135447570385 ) ) ;
#2861 = EDGE_CURVE ( 'NONE', #1182, #144, #2454, .T. ) ;
#2862 = CYLINDRICAL_SURFACE ( 'NONE', #2167, 3.250000000000000444 ) ;
#2863 = ORIENTED_EDGE ( 'NONE', *, *, #495, .T. ) ;
#2864 = CIRCLE ( 'NONE', #1872, 3.250000000000000444 ) ;
#2865 = PLANE ( 'NONE',  #1044 ) ;
#2866 = DIRECTION ( 'NONE',  ( 0.000000000000000000, -1.000000000000000000, 0.000000000000000000 ) ) ;
#2867 = ORIENTED_EDGE ( 'NONE', *, *, #1292, .T. ) ;
#2868 = EDGE_CURVE ( 'NONE', #1296, #893, #849, .T. ) ;
#2869 = AXIS2_PLACEMENT_3D ( 'NONE', #955, #2465, #3203 ) ;
#2870 = ORIENTED_EDGE ( 'NONE', *, *, #139, .T. ) ;
#2871 = ADVANCED_BREP_SHAPE_REPRESENTATION ( '\X2\96f78fbe5e955ea7\X0\', ( #2302, #2577 ), #1152 ) ;
#2872 = AXIS2_PLACEMENT_3D ( 'NONE', #2824, #1339, #2326 ) ;
#2873 = CIRCLE ( 'NONE', #989, 3.000000000000002665 ) ;
#2874 = DIRECTION ( 'NONE',  ( 1.000000000000000000, 0.000000000000000000, 0.000000000000000000 ) ) ;
#2875 = DIRECTION ( 'NONE',  ( -0.000000000000000000, 0.000000000000000000, 1.000000000000000000 ) ) ;
#2876 = DIRECTION ( 'NONE',  ( -0.000000000000000000, 1.000000000000000000, -0.000000000000000000 ) ) ;
#2877 = CYLINDRICAL_SURFACE ( 'NONE', #1294, 3.249999999999999556 ) ;
#2878 = ORIENTED_EDGE ( 'NONE', *, *, #2526, .F. ) ;
#2879 = CARTESIAN_POINT ( 'NONE',  ( 43.00000000000000000, -1.850413453435900827E-15, -30.00000000000000355 ) ) ;
#2880 = CARTESIAN_POINT ( 'NONE',  ( -30.00000000000000355, 0.000000000000000000, -30.00000000000000000 ) ) ;
#2881 = ORIENTED_EDGE ( 'NONE', *, *, #2048, .T. ) ;
#2882 = ORIENTED_EDGE ( 'NONE', *, *, #1464, .T. ) ;
#2883 = ORIENTED_EDGE ( 'NONE', *, *, #2143, .F. ) ;
#2884 = CARTESIAN_POINT ( 'NONE',  ( -35.00000000000015632, -27.25000000000027356, -43.00000000000002842 ) ) ;
#2885 = AXIS2_PLACEMENT_3D ( 'NONE', #1793, #2791, #3041 ) ;
#2886 = ORIENTED_EDGE ( 'NONE', *, *, #478, .F. ) ;
#2887 = ORIENTED_EDGE ( 'NONE', *, *, #2623, .F. ) ;
#2888 = FACE_BOUND ( 'NONE', #768, .T. ) ;
#2889 = CARTESIAN_POINT ( 'NONE',  ( -35.00000000000000000, 0.000000000000000000, 35.00000000000000000 ) ) ;
#2890 = ORIENTED_EDGE ( 'NONE', *, *, #635, .T. ) ;
#2891 = EDGE_LOOP ( 'NONE', ( #923, #1382, #2153, #1013 ) ) ;
#2892 = ADVANCED_FACE ( 'NONE', ( #2918 ), #1223, .F. ) ;
#2893 = DIRECTION ( 'NONE',  ( 1.000000000000000000, 0.000000000000000000, 0.000000000000000000 ) ) ;
#2894 = CARTESIAN_POINT ( 'NONE',  ( -12.00000000000000000, 21.49999999999996803, -62.86493458200684614 ) ) ;
#2895 = ADVANCED_FACE ( 'NONE', ( #1407 ), #915, .F. ) ;
#2896 = FACE_OUTER_BOUND ( 'NONE', #2091, .T. ) ;
#2897 = CARTESIAN_POINT ( 'NONE',  ( -15.00000000000000355, -60.00000000000000000, -35.00000000000000000 ) ) ;
#2898 = DIRECTION ( 'NONE',  ( 0.000000000000000000, 0.000000000000000000, 1.000000000000000000 ) ) ;
#2899 = AXIS2_PLACEMENT_3D ( 'NONE', #962, #2679, #1190 ) ;
#2900 = ORIENTED_EDGE ( 'NONE', *, *, #2929, .F. ) ;
#2901 = ORIENTED_EDGE ( 'NONE', *, *, #896, .T. ) ;
#2902 = CARTESIAN_POINT ( 'NONE',  ( -35.00000000000000000, -80.00000000000000000, -22.00000000000000355 ) ) ;
#2903 = CARTESIAN_POINT ( 'NONE',  ( -42.52184732581581983, 4.999999999999996447, -21.30000000000019256 ) ) ;
#2904 = VERTEX_POINT ( 'NONE', #2221 ) ;
#2905 = AXIS2_PLACEMENT_3D ( 'NONE', #1542, #1823, #335 ) ;
#2906 = ORIENTED_EDGE ( 'NONE', *, *, #2587, .F. ) ;
#2907 = DIRECTION ( 'NONE',  ( -0.000000000000000000, -1.000000000000000000, -0.000000000000000000 ) ) ;
#2908 = CARTESIAN_POINT ( 'NONE',  ( -12.00000000000000355, -60.00000000000000000, -64.00000000000000000 ) ) ;
#2909 = VECTOR ( 'NONE', #2706, 1000.000000000000000 ) ;
#2910 = CIRCLE ( 'NONE', #2182, 2.999999999999999112 ) ;
#2911 = CARTESIAN_POINT ( 'NONE',  ( 12.00000000000000178, 24.52728573953163149, -61.46718746980863557 ) ) ;
#2912 = VERTEX_POINT ( 'NONE', #470 ) ;
#2913 = AXIS2_PLACEMENT_3D ( 'NONE', #1728, #1410, #1667 ) ;
#2914 = CARTESIAN_POINT ( 'NONE',  ( 30.00000000000000000, -15.00000000000000000, -14.99999999999989342 ) ) ;
#2915 = ORIENTED_EDGE ( 'NONE', *, *, #340, .T. ) ;
#2916 = VERTEX_POINT ( 'NONE', #682 ) ;
#2917 = CARTESIAN_POINT ( 'NONE',  ( 35.00000000000000000, -15.00000000000000000, 15.00000000000012257 ) ) ;
#2918 = FACE_OUTER_BOUND ( 'NONE', #67, .T. ) ;
#2919 = EDGE_CURVE ( 'NONE', #2645, #2858, #1315, .T. ) ;
#2920 = VERTEX_POINT ( 'NONE', #2903 ) ;
#2921 = CARTESIAN_POINT ( 'NONE',  ( 34.99999999999981526, -9.252067267179504135E-16, -52.84475796423761551 ) ) ;
#2922 = CARTESIAN_POINT ( 'NONE',  ( 43.00000000000000000, -27.25000000000000355, 22.00000000000000355 ) ) ;
#2923 = AXIS2_PLACEMENT_3D ( 'NONE', #829, #2827, #2551 ) ;
#2924 = DIRECTION ( 'NONE',  ( -1.000000000000000000, 0.000000000000000000, 0.000000000000000000 ) ) ;
#2925 = ORIENTED_EDGE ( 'NONE', *, *, #2358, .F. ) ;
#2926 = CARTESIAN_POINT ( 'NONE',  ( -42.52184732581581983, 4.999999999999996447, -24.55000000000019611 ) ) ;
#2927 = CIRCLE ( 'NONE', #2148, 64.00000000000000000 ) ;
#2928 = ORIENTED_EDGE ( 'NONE', *, *, #2245, .T. ) ;
#2929 = EDGE_CURVE ( 'NONE', #2340, #465, #1172, .T. ) ;
#2930 = VERTEX_POINT ( 'NONE', #3140 ) ;
#2931 = ORIENTED_EDGE ( 'NONE', *, *, #658, .F. ) ;
#2932 = VECTOR ( 'NONE', #1747, 1000.000000000000000 ) ;
#2933 = DIRECTION ( 'NONE',  ( -1.000000000000000000, -0.000000000000000000, -3.491481338843133750E-15 ) ) ;
#2934 = LINE ( 'NONE', #700, #2332 ) ;
#2935 = ORIENTED_EDGE ( 'NONE', *, *, #262, .T. ) ;
#2936 = ORIENTED_EDGE ( 'NONE', *, *, #2533, .T. ) ;
#2937 = CARTESIAN_POINT ( 'NONE',  ( 43.00000000000000000, -3.469446951953614189E-15, -22.00000000000000355 ) ) ;
#2938 = AXIS2_PLACEMENT_3D ( 'NONE', #1606, #2826, #580 ) ;
#2939 = LINE ( 'NONE', #2172, #2063 ) ;
#2940 = ADVANCED_FACE ( 'NONE', ( #1962 ), #664, .F. ) ;
#2941 = CARTESIAN_POINT ( 'NONE',  ( 12.00000000000000000, 25.49999999999999645, -58.78775382679624073 ) ) ;
#2942 = CARTESIAN_POINT ( 'NONE',  ( -15.00000000000000000, -15.00000000000000000, 30.00000000000000000 ) ) ;
#2943 = ORIENTED_EDGE ( 'NONE', *, *, #2048, .F. ) ;
#2944 = FILL_AREA_STYLE_COLOUR ( '', #723 ) ;
#2945 = ORIENTED_EDGE ( 'NONE', *, *, #1034, .T. ) ;
#2946 = EDGE_LOOP ( 'NONE', ( #8, #2870, #954 ) ) ;
#2947 = PRODUCT_DEFINITION ( 'æœ', '', #1006, #940 ) ;
#2948 = ORIENTED_EDGE ( 'NONE', *, *, #2829, .T. ) ;
#2950 = EDGE_CURVE ( 'NONE', #1859, #1662, #85, .T. ) ;
#2949 = CIRCLE ( 'NONE', #2280, 2.999999999999999112 ) ;
#2951 = CARTESIAN_POINT ( 'NONE',  ( 18.00000000000000355, -15.00000000000000000, -64.00000000000000000 ) ) ;
#2952 = VECTOR ( 'NONE', #2307, 1000.000000000000000 ) ;
#2953 = FACE_OUTER_BOUND ( 'NONE', #1117, .T. ) ;
#2954 = ORIENTED_EDGE ( 'NONE', *, *, #161, .T. ) ;
#2955 = DIRECTION ( 'NONE',  ( -0.000000000000000000, -0.000000000000000000, 1.000000000000000000 ) ) ;
#2956 = DIRECTION ( 'NONE',  ( 1.000000000000000000, 0.000000000000000000, 0.000000000000000000 ) ) ;
#2957 = DIRECTION ( 'NONE',  ( 0.2177091034974870110, 0.9760137018783704432, 0.000000000000000000 ) ) ;
#2958 = EDGE_CURVE ( 'NONE', #1205, #1844, #2934, .T. ) ;
#2959 = CYLINDRICAL_SURFACE ( 'NONE', #259, 2.999999999999999112 ) ;
#2960 = CARTESIAN_POINT ( 'NONE',  ( -35.00000000000000000, -60.00000000000000000, -15.00000000000012434 ) ) ;
#2961 = DIRECTION ( 'NONE',  ( 1.000000000000000000, 0.000000000000000000, -0.000000000000000000 ) ) ;
#2962 = ORIENTED_EDGE ( 'NONE', *, *, #398, .T. ) ;
#2963 = CIRCLE ( 'NONE', #777, 3.000000000000000888 ) ;
#2964 = ADVANCED_FACE ( 'NONE', ( #2953 ), #1556, .F. ) ;
#2965 = AXIS2_PLACEMENT_3D ( 'NONE', #1640, #1603, #2840 ) ;
#2966 = ORIENTED_EDGE ( 'NONE', *, *, #1362, .F. ) ;
#2967 = PLANE ( 'NONE',  #1722 ) ;
#2968 = LINE ( 'NONE', #2256, #2285 ) ;
#2969 = ORIENTED_EDGE ( 'NONE', *, *, #1072, .T. ) ;
#2970 = CARTESIAN_POINT ( 'NONE',  ( -34.99999999999955236, -44.13512577292507189, 43.00000000000000711 ) ) ;
#2971 = FACE_BOUND ( 'NONE', #913, .T. ) ;
#2972 = CARTESIAN_POINT ( 'NONE',  ( 34.99999999999985079, -1.850413453435900827E-15, -42.99999999999997868 ) ) ;
#2973 = DIRECTION ( 'NONE',  ( -0.000000000000000000, -1.000000000000000000, 0.000000000000000000 ) ) ;
#2974 = LINE ( 'NONE', #1568, #3219 ) ;
#2975 = DIRECTION ( 'NONE',  ( -0.000000000000000000, 0.000000000000000000, 1.000000000000000000 ) ) ;
#2976 = DIRECTION ( 'NONE',  ( 0.000000000000000000, 0.000000000000000000, -1.000000000000000000 ) ) ;
#2977 = EDGE_CURVE ( 'NONE', #3066, #144, #188, .T. ) ;
#2978 = LINE ( 'NONE', #747, #2932 ) ;
#2979 = CARTESIAN_POINT ( 'NONE',  ( 15.00000000000000355, -60.00000000000000000, 30.00000000000000000 ) ) ;
#2980 = VECTOR ( 'NONE', #1726, 1000.000000000000000 ) ;
#2981 = ORIENTED_EDGE ( 'NONE', *, *, #1744, .F. ) ;
#2982 = EDGE_LOOP ( 'NONE', ( #1801, #1393, #851, #3130, #3185, #1065, #632 ) ) ;
#2983 = CARTESIAN_POINT ( 'NONE',  ( -38.31370849898476649, -65.14428268233959329, -30.00000000000001066 ) ) ;
#2984 = EDGE_CURVE ( 'NONE', #2986, #3017, #2801, .T. ) ;
#2985 = CARTESIAN_POINT ( 'NONE',  ( -30.00000000000000355, 0.000000000000000000, -30.00000000000000000 ) ) ;
#2986 = VERTEX_POINT ( 'NONE', #2985 ) ;
#2987 = VECTOR ( 'NONE', #2957, 1000.000000000000114 ) ;
#2988 = ORIENTED_EDGE ( 'NONE', *, *, #395, .T. ) ;
#2989 = LINE ( 'NONE', #949, #2288 ) ;
#2990 = DIRECTION ( 'NONE',  ( -0.000000000000000000, -0.000000000000000000, 1.000000000000000000 ) ) ;
#2991 = FACE_OUTER_BOUND ( 'NONE', #1979, .T. ) ;
#2992 = FACE_OUTER_BOUND ( 'NONE', #891, .T. ) ;
#2993 = CIRCLE ( 'NONE', #1599, 3.000000000000000888 ) ;
#2994 = AXIS2_PLACEMENT_3D ( 'NONE', #2090, #3095, #2874 ) ;
#2995 = LINE ( 'NONE', #513, #2563 ) ;
#2996 = DIRECTION ( 'NONE',  ( -1.000000000000000000, 0.000000000000000000, 0.000000000000000000 ) ) ;
#2997 = DIRECTION ( 'NONE',  ( -1.047444401652940007E-14, 0.000000000000000000, -1.000000000000000000 ) ) ;
#2998 = DIRECTION ( 'NONE',  ( 0.000000000000000000, 0.000000000000000000, 1.000000000000000000 ) ) ;
#2999 = DIRECTION ( 'NONE',  ( -1.000000000000000000, 0.000000000000000000, 0.000000000000000000 ) ) ;
#3000 = EDGE_CURVE ( 'NONE', #976, #3066, #504, .T. ) ;
#3001 = EDGE_LOOP ( 'NONE', ( #2863, #752, #2204, #2585 ) ) ;
#3002 = ORIENTED_EDGE ( 'NONE', *, *, #2742, .F. ) ;
#3003 = EDGE_LOOP ( 'NONE', ( #392, #3085, #2621, #3102 ) ) ;
#3004 = VECTOR ( 'NONE', #1326, 1000.000000000000114 ) ;
#3005 = CARTESIAN_POINT ( 'NONE',  ( 5.535194588634516366E-13, -1.850413453435900827E-15, 52.84475796423748761 ) ) ;
#3006 = AXIS2_PLACEMENT_3D ( 'NONE', #1320, #822, #249 ) ;
#3007 = VERTEX_POINT ( 'NONE', #2490 ) ;
#3008 = CYLINDRICAL_SURFACE ( 'NONE', #2702, 3.000000000000000888 ) ;
#3009 = AXIS2_PLACEMENT_3D ( 'NONE', #1594, #1611, #2589 ) ;
#3010 = CARTESIAN_POINT ( 'NONE',  ( 35.00000000000000000, -15.00000000000000000, 18.00000000000012434 ) ) ;
#3011 = DIRECTION ( 'NONE',  ( 0.000000000000000000, 0.000000000000000000, 1.000000000000000000 ) ) ;
#3012 = CARTESIAN_POINT ( 'NONE',  ( -30.00000000000000355, -27.25000000000027356, 1.047444401652940259E-13 ) ) ;
#3013 = PLANE ( 'NONE',  #1040 ) ;
#3014 = FACE_BOUND ( 'NONE', #1999, .T. ) ;
#3015 = CARTESIAN_POINT ( 'NONE',  ( -37.34314575050742491, -69.49542154529278548, 37.34314575050782281 ) ) ;
#3016 = CARTESIAN_POINT ( 'NONE',  ( -15.00000000000000355, -60.00000000000000000, 30.00000000000000000 ) ) ;
#3017 = VERTEX_POINT ( 'NONE', #1504 ) ;
#3018 = ORIENTED_EDGE ( 'NONE', *, *, #1791, .T. ) ;
#3019 = VECTOR ( 'NONE', #1756, 1000.000000000000000 ) ;
#3020 = VECTOR ( 'NONE', #842, 1000.000000000000000 ) ;
#3021 = LINE ( 'NONE', #769, #303 ) ;
#3022 = ADVANCED_FACE ( 'NONE', ( #1754 ), #2507, .T. ) ;
#3023 = VERTEX_POINT ( 'NONE', #31 ) ;
#3024 = DIRECTION ( 'NONE',  ( 1.000000000000000000, 0.000000000000000000, 0.000000000000000000 ) ) ;
#3025 = FACE_OUTER_BOUND ( 'NONE', #999, .T. ) ;
#3026 = FACE_BOUND ( 'NONE', #668, .T. ) ;
#3027 = ORIENTED_EDGE ( 'NONE', *, *, #1541, .T. ) ;
#3028 = CARTESIAN_POINT ( 'NONE',  ( -35.00000000000000000, -79.99999999999997158, 26.68629150101524417 ) ) ;
#3029 = LINE ( 'NONE', #861, #852 ) ;
#3030 = CARTESIAN_POINT ( 'NONE',  ( -21.99999999999955236, -27.25000000000027356, 43.00000000000000000 ) ) ;
#3031 = CARTESIAN_POINT ( 'NONE',  ( 29.99999999999999645, 0.000000000000000000, 30.00000000000000000 ) ) ;
#3032 = ORIENTED_EDGE ( 'NONE', *, *, #2287, .T. ) ;
#3033 = EDGE_LOOP ( 'NONE', ( #805, #2269 ) ) ;
#3034 = EDGE_CURVE ( 'NONE', #1186, #576, #2750, .T. ) ;
#3035 = DIRECTION ( 'NONE',  ( 0.000000000000000000, 0.000000000000000000, 1.000000000000000000 ) ) ;
#3036 = VERTEX_POINT ( 'NONE', #1522 ) ;
#3037 = ORIENTED_EDGE ( 'NONE', *, *, #3229, .F. ) ;
#3038 = EDGE_CURVE ( 'NONE', #238, #2573, #2968, .T. ) ;
#3039 = CIRCLE ( 'NONE', #7, 8.000000000000000000 ) ;
#3040 = DIRECTION ( 'NONE',  ( -0.000000000000000000, 0.000000000000000000, -1.000000000000000000 ) ) ;
#3041 = DIRECTION ( 'NONE',  ( 0.000000000000000000, 0.000000000000000000, -1.000000000000000000 ) ) ;
#3042 = CYLINDRICAL_SURFACE ( 'NONE', #1176, 3.000000000000000888 ) ;
#3043 = VECTOR ( 'NONE', #1461, 1000.000000000000000 ) ;
#3044 = DIRECTION ( 'NONE',  ( 3.491481338843133355E-15, 0.000000000000000000, 1.000000000000000000 ) ) ;
#3045 = CARTESIAN_POINT ( 'NONE',  ( -35.00000000000000000, -80.00000000000000000, -35.00000000000000000 ) ) ;
#3046 = CARTESIAN_POINT ( 'NONE',  ( -34.99999999999963762, -80.00000000000000000, 35.00000000000036948 ) ) ;
#3047 = FACE_OUTER_BOUND ( 'NONE', #1538, .T. ) ;
#3048 = EDGE_CURVE ( 'NONE', #2198, #2727, #1804, .T. ) ;
#3049 = EDGE_LOOP ( 'NONE', ( #337, #78 ) ) ;
#3050 = ORIENTED_EDGE ( 'NONE', *, *, #1548, .F. ) ;
#3051 = DIRECTION ( 'NONE',  ( 0.000000000000000000, 0.000000000000000000, 1.000000000000000000 ) ) ;
#3052 = CYLINDRICAL_SURFACE ( 'NONE', #162, 8.000000000000000000 ) ;
#3053 = CARTESIAN_POINT ( 'NONE',  ( 0.000000000000000000, 4.999999999999996447, 52.35000000000000853 ) ) ;
#3054 = EDGE_CURVE ( 'NONE', #1500, #408, #787, .T. ) ;
#3055 = VERTEX_POINT ( 'NONE', #488 ) ;
#3056 = DIRECTION ( 'NONE',  ( -0.000000000000000000, 0.000000000000000000, -1.000000000000000000 ) ) ;
#3057 = LINE ( 'NONE', #1059, #558 ) ;
#3058 = EDGE_LOOP ( 'NONE', ( #2112, #1975, #1311, #1928 ) ) ;
#3059 = VECTOR ( 'NONE', #3090, 1000.000000000000000 ) ;
#3060 = DIRECTION ( 'NONE',  ( 1.000000000000000000, 0.000000000000000000, 0.000000000000000000 ) ) ;
#3061 = ADVANCED_FACE ( 'NONE', ( #2787 ), #541, .T. ) ;
#3062 = DIRECTION ( 'NONE',  ( -0.000000000000000000, -0.000000000000000000, -1.000000000000000000 ) ) ;
#3063 = DIRECTION ( 'NONE',  ( 0.000000000000000000, -1.000000000000000000, -0.000000000000000000 ) ) ;
#3064 = CARTESIAN_POINT ( 'NONE',  ( 12.00000000000000355, -60.00000000000000000, 35.00000000000000000 ) ) ;
#3065 = ORIENTED_EDGE ( 'NONE', *, *, #640, .T. ) ;
#3066 = VERTEX_POINT ( 'NONE', #1982 ) ;
#3067 = ORIENTED_EDGE ( 'NONE', *, *, #444, .F. ) ;
#3068 = AXIS2_PLACEMENT_3D ( 'NONE', #2151, #1406, #3138 ) ;
#3069 = EDGE_CURVE ( 'NONE', #471, #3055, #3021, .T. ) ;
#3070 = CARTESIAN_POINT ( 'NONE',  ( -12.00000000000000355, 22.56464905894198480, -62.75432415477845183 ) ) ;
#3071 = VECTOR ( 'NONE', #2664, 1000.000000000000000 ) ;
#3072 = DIRECTION ( 'NONE',  ( 0.000000000000000000, 0.000000000000000000, 1.000000000000000000 ) ) ;
#3073 = LINE ( 'NONE', #2339, #100 ) ;
#3074 = ORIENTED_EDGE ( 'NONE', *, *, #995, .T. ) ;
#3075 = AXIS2_PLACEMENT_3D ( 'NONE', #2259, #2955, #13 ) ;
#3076 = DIRECTION ( 'NONE',  ( 1.000000000000000000, 0.000000000000000000, 0.000000000000000000 ) ) ;
#3077 = DIRECTION ( 'NONE',  ( 0.000000000000000000, 0.000000000000000000, 1.000000000000000000 ) ) ;
#3078 = AXIS2_PLACEMENT_3D ( 'NONE', #2312, #1583, #860 ) ;
#3079 = CARTESIAN_POINT ( 'NONE',  ( 64.00000000000029843, -60.00000000000000000, -17.99999999999977973 ) ) ;
#3080 = DIRECTION ( 'NONE',  ( 2.280381816473232705E-15, 0.9760137018783704432, 0.2177091034974870110 ) ) ;
#3081 = ORIENTED_EDGE ( 'NONE', *, *, #2143, .T. ) ;
#3082 = EDGE_LOOP ( 'NONE', ( #1888, #702, #1081, #1344 ) ) ;
#3083 = CARTESIAN_POINT ( 'NONE',  ( 42.52184732581616800, -75.00000000000001421, -24.54999999999960636 ) ) ;
#3084 = LINE ( 'NONE', #1834, #2602 ) ;
#3085 = ORIENTED_EDGE ( 'NONE', *, *, #1665, .F. ) ;
#3086 = ORIENTED_EDGE ( 'NONE', *, *, #2950, .T. ) ;
#3087 = EDGE_CURVE ( 'NONE', #1485, #1661, #1445, .T. ) ;
#3088 = AXIS2_PLACEMENT_3D ( 'NONE', #2029, #1783, #59 ) ;
#3089 = CARTESIAN_POINT ( 'NONE',  ( -30.00000000000000000, -60.00000000000000000, 14.99999999999989875 ) ) ;
#3090 = DIRECTION ( 'NONE',  ( 0.000000000000000000, -1.000000000000000000, 0.000000000000000000 ) ) ;
#3091 = VERTEX_POINT ( 'NONE', #1487 ) ;
#3092 = ORIENTED_EDGE ( 'NONE', *, *, #2773, .T. ) ;
#3093 = AXIS2_PLACEMENT_3D ( 'NONE', #2597, #339, #2329 ) ;
#3094 = CARTESIAN_POINT ( 'NONE',  ( 0.000000000000000000, 4.999999999999996447, -64.00000000000000000 ) ) ;
#3095 = DIRECTION ( 'NONE',  ( -0.000000000000000000, -0.000000000000000000, 1.000000000000000000 ) ) ;
#3096 = ADVANCED_FACE ( 'NONE', ( #2525 ), #1539, .F. ) ;
#3097 = AXIS2_PLACEMENT_3D ( 'NONE', #304, #740, #757 ) ;
#3098 = VERTEX_POINT ( 'NONE', #1240 ) ;
#3099 = CIRCLE ( 'NONE', #292, 3.000000000000000888 ) ;
#3100 = ADVANCED_FACE ( 'NONE', ( #2542 ), #2237, .F. ) ;
#3101 = FACE_OUTER_BOUND ( 'NONE', #1752, .T. ) ;
#3102 = ORIENTED_EDGE ( 'NONE', *, *, #794, .F. ) ;
#3103 = EDGE_LOOP ( 'NONE', ( #1033, #719 ) ) ;
#3104 = EDGE_CURVE ( 'NONE', #2692, #1836, #2746, .T. ) ;
#3105 = FACE_BOUND ( 'NONE', #126, .T. ) ;
#3106 = CARTESIAN_POINT ( 'NONE',  ( -30.00000000000000355, 0.000000000000000000, 30.00000000000000000 ) ) ;
#3107 = ORIENTED_EDGE ( 'NONE', *, *, #1718, .T. ) ;
#3108 = CARTESIAN_POINT ( 'NONE',  ( 35.00000000000000000, -80.00000000000000000, 35.00000000000000000 ) ) ;
#3109 = AXIS2_PLACEMENT_3D ( 'NONE', #873, #364, #2099 ) ;
#3110 = FACE_BOUND ( 'NONE', #1107, .T. ) ;
#3111 = CARTESIAN_POINT ( 'NONE',  ( -12.00000000000000000, 23.29122904911734437, -62.44357004885085871 ) ) ;
#3112 = CARTESIAN_POINT ( 'NONE',  ( 0.000000000000000000, -75.00000000000001421, 0.000000000000000000 ) ) ;
#3113 = ORIENTED_EDGE ( 'NONE', *, *, #619, .F. ) ;
#3114 = ORIENTED_EDGE ( 'NONE', *, *, #142, .T. ) ;
#3115 = FACE_BOUND ( 'NONE', #163, .T. ) ;
#3116 = CARTESIAN_POINT ( 'NONE',  ( -35.00000000000000000, -60.00000000000000000, 11.99999999999988276 ) ) ;
#3117 = VECTOR ( 'NONE', #20, 1000.000000000000000 ) ;
#3118 = ORIENTED_EDGE ( 'NONE', *, *, #2461, .F. ) ;
#3119 = AXIS2_PLACEMENT_3D ( 'NONE', #3217, #2231, #1719 ) ;
#3120 = AXIS2_PLACEMENT_3D ( 'NONE', #908, #1680, #691 ) ;
#3121 = CARTESIAN_POINT ( 'NONE',  ( 15.00000000000000000, -15.00000000000000000, -64.00000000000000000 ) ) ;
#3122 = VERTEX_POINT ( 'NONE', #1000 ) ;
#3123 = DIRECTION ( 'NONE',  ( -4.625929269271484533E-15, 0.000000000000000000, 1.000000000000000000 ) ) ;
#3124 = EDGE_CURVE ( 'NONE', #942, #213, #35, .T. ) ;
#3125 = CARTESIAN_POINT ( 'NONE',  ( 0.000000000000000000, 0.000000000000000000, 0.000000000000000000 ) ) ;
#3126 = EDGE_LOOP ( 'NONE', ( #2467, #1739, #2969, #1855 ) ) ;
#3127 = ORIENTED_EDGE ( 'NONE', *, *, #570, .T. ) ;
#3128 = EDGE_CURVE ( 'NONE', #2580, #1937, #1179, .T. ) ;
#3129 = DIRECTION ( 'NONE',  ( 0.000000000000000000, 0.000000000000000000, 1.000000000000000000 ) ) ;
#3130 = ORIENTED_EDGE ( 'NONE', *, *, #1968, .F. ) ;
#3131 = ORIENTED_EDGE ( 'NONE', *, *, #422, .F. ) ;
#3132 = EDGE_CURVE ( 'NONE', #1277, #18, #1069, .T. ) ;
#3133 = VECTOR ( 'NONE', #2071, 1000.000000000000000 ) ;
#3134 = CYLINDRICAL_SURFACE ( 'NONE', #2391, 3.000000000000000888 ) ;
#3135 = FACE_OUTER_BOUND ( 'NONE', #2812, .T. ) ;
#3136 = ORIENTED_EDGE ( 'NONE', *, *, #94, .T. ) ;
#3137 = ORIENTED_EDGE ( 'NONE', *, *, #1944, .T. ) ;
#3138 = DIRECTION ( 'NONE',  ( 0.000000000000000000, 0.000000000000000000, 1.000000000000000000 ) ) ;
#3139 = EDGE_CURVE ( 'NONE', #1753, #527, #449, .T. ) ;
#3140 = CARTESIAN_POINT ( 'NONE',  ( -43.00000000000000000, -44.13512577292345185, 35.00000000000000000 ) ) ;
#3141 = ORIENTED_EDGE ( 'NONE', *, *, #1651, .T. ) ;
#3142 = VERTEX_POINT ( 'NONE', #97 ) ;
#3143 = DIRECTION ( 'NONE',  ( 0.000000000000000000, 0.000000000000000000, -1.000000000000000000 ) ) ;
#3144 = ADVANCED_FACE ( 'NONE', ( #115, #589 ), #1575, .F. ) ;
#3145 = AXIS2_PLACEMENT_3D ( 'NONE', #2842, #1306, #2362 ) ;
#3146 = CARTESIAN_POINT ( 'NONE',  ( 12.00000000000000178, 24.98030996765709233, -60.81608614654206946 ) ) ;
#3147 = AXIS2_PLACEMENT_3D ( 'NONE', #1022, #2024, #774 ) ;
#3148 = ORIENTED_EDGE ( 'NONE', *, *, #2598, .F. ) ;
#3149 = CARTESIAN_POINT ( 'NONE',  ( 0.000000000000000000, -3.700826906871801654E-15, -64.00000000000000000 ) ) ;
#3150 = AXIS2_PLACEMENT_3D ( 'NONE', #1038, #300, #263 ) ;
#3151 = ORIENTED_EDGE ( 'NONE', *, *, #1684, .F. ) ;
#3152 = ADVANCED_FACE ( 'NONE', ( #2125 ), #2877, .F. ) ;
#3153 = VERTEX_POINT ( 'NONE', #3053 ) ;
#3154 = DIRECTION ( 'NONE',  ( -1.000000000000000000, -0.000000000000000000, -3.491481338843133750E-15 ) ) ;
#3155 = CARTESIAN_POINT ( 'NONE',  ( 29.99999999999999645, -80.00000000000000000, 30.00000000000000000 ) ) ;
#3156 = EDGE_LOOP ( 'NONE', ( #788, #1436, #2074, #750 ) ) ;
#3157 = VECTOR ( 'NONE', #457, 1000.000000000000114 ) ;
#3158 = ORIENTED_EDGE ( 'NONE', *, *, #2655, .F. ) ;
#3159 = LINE ( 'NONE', #933, #418 ) ;
#3160 = DIRECTION ( 'NONE',  ( -0.000000000000000000, -0.000000000000000000, 1.000000000000000000 ) ) ;
#3161 = DIRECTION ( 'NONE',  ( -1.000000000000000000, -0.000000000000000000, -0.000000000000000000 ) ) ;
#3162 = AXIS2_PLACEMENT_3D ( 'NONE', #3083, #815, #3051 ) ;
#3163 = ADVANCED_FACE ( 'NONE', ( #332 ), #2862, .F. ) ;
#3164 = CIRCLE ( 'NONE', #1778, 3.250000000000002665 ) ;
#3165 = CARTESIAN_POINT ( 'NONE',  ( -15.00000000000000355, -60.00000000000000000, -64.00000000000000000 ) ) ;
#3166 = FACE_OUTER_BOUND ( 'NONE', #2594, .T. ) ;
#3167 = ORIENTED_EDGE ( 'NONE', *, *, #1437, .F. ) ;
#3168 = EDGE_LOOP ( 'NONE', ( #63, #641, #864, #2765 ) ) ;
#3169 = DIRECTION ( 'NONE',  ( 0.000000000000000000, 1.000000000000000000, 0.000000000000000000 ) ) ;
#3170 = ORIENTED_EDGE ( 'NONE', *, *, #1161, .F. ) ;
#3171 = ORIENTED_EDGE ( 'NONE', *, *, #114, .T. ) ;
#3172 = ORIENTED_EDGE ( 'NONE', *, *, #776, .F. ) ;
#3173 = PLANE ( 'NONE',  #399 ) ;
#3174 = DIRECTION ( 'NONE',  ( 0.000000000000000000, 1.000000000000000000, 0.000000000000000000 ) ) ;
#3175 = EDGE_CURVE ( 'NONE', #1901, #130, #1101, .T. ) ;
#3176 = ORIENTED_EDGE ( 'NONE', *, *, #1108, .F. ) ;
#3177 = CYLINDRICAL_SURFACE ( 'NONE', #1356, 8.000000000000000000 ) ;
#3178 = DIRECTION ( 'NONE',  ( 0.000000000000000000, -1.000000000000000000, 0.000000000000000000 ) ) ;
#3179 = AXIS2_PLACEMENT_3D ( 'NONE', #2419, #2171, #3208 ) ;
#3180 = CARTESIAN_POINT ( 'NONE',  ( 11.99999999999999822, 25.50000000000000355, -59.05318356274652558 ) ) ;
#3181 = ADVANCED_FACE ( 'NONE', ( #2353 ), #2095, .F. ) ;
#3182 = ORIENTED_EDGE ( 'NONE', *, *, #911, .T. ) ;
#3183 = CARTESIAN_POINT ( 'NONE',  ( -42.52184732581581983, -75.00000000000001421, -21.30000000000019256 ) ) ;
#3184 = AXIS2_PLACEMENT_3D ( 'NONE', #2627, #1695, #2893 ) ;
#3185 = ORIENTED_EDGE ( 'NONE', *, *, #2370, .F. ) ;
#3186 = ORIENTED_EDGE ( 'NONE', *, *, #2381, .F. ) ;
#3187 = EDGE_LOOP ( 'NONE', ( #2906, #2931, #3221, #814 ) ) ;
#3188 = VECTOR ( 'NONE', #3161, 1000.000000000000000 ) ;
#3189 = FACE_BOUND ( 'NONE', #2364, .T. ) ;
#3190 = EDGE_CURVE ( 'NONE', #1143, #2198, #649, .T. ) ;
#3191 = CARTESIAN_POINT ( 'NONE',  ( 40.84991118348232675, -53.77420889560470840, -35.00000000000000000 ) ) ;
#3192 = ORIENTED_EDGE ( 'NONE', *, *, #2834, .T. ) ;
#3193 = ORIENTED_EDGE ( 'NONE', *, *, #1136, .F. ) ;
#3194 = CARTESIAN_POINT ( 'NONE',  ( 34.99999999999985079, -44.13512577292413397, -42.99999999999997868 ) ) ;
#3195 = CARTESIAN_POINT ( 'NONE',  ( -22.00000000000015277, -3.469446951953614189E-15, -43.00000000000000000 ) ) ;
#3196 = EDGE_CURVE ( 'NONE', #408, #733, #3084, .T. ) ;
#3197 = CARTESIAN_POINT ( 'NONE',  ( -43.00000000000000000, -1.850413453435900827E-15, 35.00000000000000000 ) ) ;
#3198 = ADVANCED_FACE ( 'NONE', ( #3101 ), #1348, .T. ) ;
#3199 = FACE_OUTER_BOUND ( 'NONE', #712, .T. ) ;
#3200 = CARTESIAN_POINT ( 'NONE',  ( -35.00000000000000000, -80.00000000000000000, 43.00000000000000711 ) ) ;
#3201 = DIRECTION ( 'NONE',  ( -0.000000000000000000, -1.000000000000000000, -0.000000000000000000 ) ) ;
#3202 = ORIENTED_EDGE ( 'NONE', *, *, #2156, .T. ) ;
#3203 = DIRECTION ( 'NONE',  ( 0.000000000000000000, 0.000000000000000000, 1.000000000000000000 ) ) ;
#3204 = ORIENTED_EDGE ( 'NONE', *, *, #715, .F. ) ;
#3205 = CIRCLE ( 'NONE', #2025, 3.000000000000000888 ) ;
#3206 = FACE_BOUND ( 'NONE', #2799, .T. ) ;
#3207 = DIRECTION ( 'NONE',  ( -1.000000000000000000, -0.000000000000000000, -3.491481338843133750E-15 ) ) ;
#3208 = DIRECTION ( 'NONE',  ( 0.000000000000000000, 0.000000000000000000, 1.000000000000000000 ) ) ;
#3209 = CARTESIAN_POINT ( 'NONE',  ( -30.00000000000000000, -60.00000000000000000, -15.00000000000010658 ) ) ;
#3210 = ADVANCED_FACE ( 'NONE', ( #850, #2831, #2338, #1863, #1632 ), #129, .F. ) ;
#3211 = AXIS2_PLACEMENT_3D ( 'NONE', #1020, #1057, #3024 ) ;
#3212 = CARTESIAN_POINT ( 'NONE',  ( -29.99999999999955236, 0.000000000000000000, 43.00000000000008527 ) ) ;
#3213 = DIRECTION ( 'NONE',  ( 0.000000000000000000, 0.000000000000000000, 1.000000000000000000 ) ) ;
#3214 = CARTESIAN_POINT ( 'NONE',  ( -30.00000000000000355, -80.00000000000000000, 30.00000000000000000 ) ) ;
#3215 = CARTESIAN_POINT ( 'NONE',  ( 22.00000000000045475, -3.469446951953614189E-15, 43.00000000000000000 ) ) ;
#3216 = VECTOR ( 'NONE', #1113, 1000.000000000000000 ) ;
#3217 = CARTESIAN_POINT ( 'NONE',  ( -42.52184732581581983, -75.00000000000001421, -24.55000000000019611 ) ) ;
#3218 = VERTEX_POINT ( 'NONE', #2634 ) ;
#3219 = VECTOR ( 'NONE', #990, 1000.000000000000000 ) ;
#3220 = EDGE_LOOP ( 'NONE', ( #2275, #2106 ) ) ;
#3221 = ORIENTED_EDGE ( 'NONE', *, *, #206, .T. ) ;
#3222 = DIRECTION ( 'NONE',  ( 1.000000000000000000, 0.000000000000000000, 0.000000000000000000 ) ) ;
#3223 = ORIENTED_EDGE ( 'NONE', *, *, #2868, .F. ) ;
#3224 = EDGE_CURVE ( 'NONE', #1087, #1755, #387, .T. ) ;
#3225 = ORIENTED_EDGE ( 'NONE', *, *, #1579, .T. ) ;
#3226 = DIRECTION ( 'NONE',  ( -0.000000000000000000, -1.000000000000000000, -0.000000000000000000 ) ) ;
#3227 = DIRECTION ( 'NONE',  ( 1.000000000000000000, 0.000000000000000000, 0.000000000000000000 ) ) ;
#3228 = CARTESIAN_POINT ( 'NONE',  ( 30.00000000000000000, -60.00000000000000000, -17.99999999999989697 ) ) ;
#3229 = EDGE_CURVE ( 'NONE', #90, #1563, #2660, .T. ) ;
#3230 = CARTESIAN_POINT ( 'NONE',  ( 43.00000000000000000, -44.13512577292345185, 30.00000000000000355 ) ) ;
#3231 = LINE ( 'NONE', #1251, #3117 ) ;
ENDSEC;
END-ISO-10303-21;
